,0,1,2,3,4,5,6,7,8,9,0
0,0.0,0.0,0.0,0.0,0.0,0.0,0.0,0.0,0.0,0.0,0.05381944444444445
1,1.0,0.0,0.0,0.0,0.0,0.0,0.0,0.0,0.0,0.0,-0.0004583333333333126
2,0.0,1.0,0.0,0.0,0.0,0.0,0.0,0.0,0.0,0.0,-0.00024999999999998233
3,1.0,1.0,0.0,0.0,0.0,0.0,0.0,0.0,0.0,0.0,-0.0005138888888888685
4,0.0,0.0,1.0,0.0,0.0,0.0,0.0,0.0,0.0,0.0,-0.00014305555555551728
5,1.0,0.0,1.0,0.0,0.0,0.0,0.0,0.0,0.0,0.0,-0.0004364583333332854
6,0.0,1.0,1.0,0.0,0.0,0.0,0.0,0.0,0.0,0.0,-0.0003097222222207178
7,1.0,1.0,1.0,0.0,0.0,0.0,0.0,0.0,0.0,0.0,-0.0005267361111109365
8,0.0,0.0,0.0,1.0,0.0,0.0,0.0,0.0,0.0,0.0,-0.00029166666666665325
9,1.0,0.0,0.0,1.0,0.0,0.0,0.0,0.0,0.0,0.0,-0.0005538194444444223
10,0.0,1.0,0.0,1.0,0.0,0.0,0.0,0.0,0.0,0.0,-0.00027361111111108956
11,1.0,1.0,0.0,1.0,0.0,0.0,0.0,0.0,0.0,0.0,-0.0006156249999999643
12,0.0,0.0,1.0,1.0,0.0,0.0,0.0,0.0,0.0,0.0,-0.00028541666666662244
13,1.0,0.0,1.0,1.0,0.0,0.0,0.0,0.0,0.0,0.0,-0.0007194444444444122
14,0.0,1.0,1.0,1.0,0.0,0.0,0.0,0.0,0.0,0.0,-0.00038020833333327243
15,1.0,1.0,1.0,1.0,0.0,0.0,0.0,0.0,0.0,0.0,-0.0007482638888888478
16,0.0,0.0,0.0,0.0,1.0,0.0,0.0,0.0,0.0,0.0,-0.00013888888888888143
17,1.0,0.0,0.0,0.0,1.0,0.0,0.0,0.0,0.0,0.0,-0.0005555555555555293
18,0.0,1.0,0.0,0.0,1.0,0.0,0.0,0.0,0.0,0.0,-5.555555555554268e-05
19,1.0,1.0,0.0,0.0,1.0,0.0,0.0,0.0,0.0,0.0,-0.0003472222222222256
20,0.0,0.0,1.0,0.0,1.0,0.0,0.0,0.0,0.0,0.0,5.138888888896569e-05
21,1.0,0.0,1.0,0.0,1.0,0.0,0.0,0.0,0.0,0.0,-0.0002559027777776364
22,0.0,1.0,1.0,0.0,1.0,0.0,0.0,0.0,0.0,0.0,7.91666666664296e-05
23,1.0,1.0,1.0,0.0,1.0,0.0,0.0,0.0,0.0,0.0,-7.812499999997005e-05
24,0.0,0.0,0.0,1.0,1.0,0.0,0.0,0.0,0.0,0.0,-0.0002500000000000011
25,1.0,0.0,0.0,1.0,1.0,0.0,0.0,0.0,0.0,0.0,-0.0006666666666666695
26,0.0,1.0,0.0,1.0,1.0,0.0,0.0,0.0,0.0,0.0,-0.00011666666666667271
27,1.0,1.0,0.0,1.0,1.0,0.0,0.0,0.0,0.0,0.0,-0.0004881944444444626
28,0.0,0.0,1.0,1.0,1.0,0.0,0.0,0.0,0.0,0.0,-0.0001048611111110815
29,1.0,0.0,1.0,1.0,1.0,0.0,0.0,0.0,0.0,0.0,-0.0005684027777777597
30,0.0,1.0,1.0,1.0,1.0,0.0,0.0,0.0,0.0,0.0,1.2847222222244528e-05
31,1.0,1.0,1.0,1.0,1.0,0.0,0.0,0.0,0.0,0.0,-0.0003805555555556635
32,0.0,0.0,0.0,0.0,0.0,1.0,0.0,0.0,0.0,0.0,6.944444444444888e-05
33,1.0,0.0,0.0,0.0,0.0,1.0,0.0,0.0,0.0,0.0,-0.0007361111111110902
34,0.0,1.0,0.0,0.0,0.0,1.0,0.0,0.0,0.0,0.0,-0.0006562499999999793
35,1.0,1.0,0.0,0.0,0.0,1.0,0.0,0.0,0.0,0.0,-0.0010590277777777735
36,0.0,0.0,1.0,0.0,0.0,1.0,0.0,0.0,0.0,0.0,-0.0004555555555554701
37,1.0,0.0,1.0,0.0,0.0,1.0,0.0,0.0,0.0,0.0,-0.0007350694444443538
38,0.0,1.0,1.0,0.0,0.0,1.0,0.0,0.0,0.0,0.0,-0.0007923611111112326
39,1.0,1.0,1.0,0.0,0.0,1.0,0.0,0.0,0.0,0.0,-0.0009677083333333384
40,0.0,0.0,0.0,1.0,0.0,1.0,0.0,0.0,0.0,0.0,-0.0005791666666666522
41,1.0,0.0,0.0,1.0,0.0,1.0,0.0,0.0,0.0,0.0,-0.0008690972222221965
42,0.0,1.0,0.0,1.0,0.0,1.0,0.0,0.0,0.0,0.0,-0.0007868055555555351
43,1.0,1.0,0.0,1.0,0.0,1.0,0.0,0.0,0.0,0.0,-0.001295486111111079
44,0.0,0.0,1.0,1.0,0.0,1.0,0.0,0.0,0.0,0.0,-0.0007604166666665845
45,1.0,0.0,1.0,1.0,0.0,1.0,0.0,0.0,0.0,0.0,-0.0010555555555554934
46,0.0,1.0,1.0,1.0,0.0,1.0,0.0,0.0,0.0,0.0,-0.001053124999999853
47,1.0,1.0,1.0,1.0,0.0,1.0,0.0,0.0,0.0,0.0,-0.0012128472222221883
48,0.0,0.0,0.0,0.0,1.0,1.0,0.0,0.0,0.0,0.0,-0.0002951388888888802
49,1.0,0.0,0.0,0.0,1.0,1.0,0.0,0.0,0.0,0.0,-0.0006145833333332946
50,0.0,1.0,0.0,0.0,1.0,1.0,0.0,0.0,0.0,0.0,-0.0005347222222221973
51,1.0,1.0,0.0,0.0,1.0,1.0,0.0,0.0,0.0,0.0,-0.0008715277777777935
52,0.0,0.0,1.0,0.0,1.0,1.0,0.0,0.0,0.0,0.0,-0.0002784722222208718
53,1.0,0.0,1.0,0.0,1.0,1.0,0.0,0.0,0.0,0.0,-0.0003635416666653115
54,0.0,1.0,1.0,0.0,1.0,1.0,0.0,0.0,0.0,0.0,-0.0005000000000001079
55,1.0,1.0,1.0,0.0,1.0,1.0,0.0,0.0,0.0,0.0,-0.0004802083333333545
56,0.0,0.0,0.0,1.0,1.0,1.0,0.0,0.0,0.0,0.0,-0.0005062499999999966
57,1.0,0.0,0.0,1.0,1.0,1.0,0.0,0.0,0.0,0.0,-0.0007631944444444428
58,0.0,1.0,0.0,1.0,1.0,1.0,0.0,0.0,0.0,0.0,-0.0008152777777777637
59,1.0,1.0,0.0,1.0,1.0,1.0,0.0,0.0,0.0,0.0,-0.0012847222222222344
60,0.0,0.0,1.0,1.0,1.0,1.0,0.0,0.0,0.0,0.0,-0.0005222222222221307
61,1.0,0.0,1.0,1.0,1.0,1.0,0.0,0.0,0.0,0.0,-0.0005343749999999475
62,0.0,1.0,1.0,1.0,1.0,1.0,0.0,0.0,0.0,0.0,-0.0006899305555550603
63,1.0,1.0,1.0,1.0,1.0,1.0,0.0,0.0,0.0,0.0,-0.0007229166666668706
64,0.0,0.0,0.0,0.0,0.0,0.0,1.0,0.0,0.0,0.0,0.0015225694444444583
65,1.0,0.0,0.0,0.0,0.0,0.0,1.0,0.0,0.0,0.0,-0.00039583333333330996
66,0.0,1.0,0.0,0.0,0.0,0.0,1.0,0.0,0.0,0.0,-0.00010937499999992628
67,1.0,1.0,0.0,0.0,0.0,0.0,1.0,0.0,0.0,0.0,-0.0006249999999999454
68,0.0,0.0,1.0,0.0,0.0,0.0,1.0,0.0,0.0,0.0,0.00015729166667004764
69,1.0,0.0,1.0,0.0,0.0,0.0,1.0,0.0,0.0,0.0,-0.0004267361111106826
70,0.0,1.0,1.0,0.0,0.0,0.0,1.0,0.0,0.0,0.0,-8.576388888901243e-05
71,1.0,1.0,1.0,0.0,0.0,0.0,1.0,0.0,0.0,0.0,-0.0007739583333333692
72,0.0,0.0,0.0,1.0,0.0,0.0,1.0,0.0,0.0,0.0,-2.604166666665017e-05
73,1.0,0.0,0.0,1.0,0.0,0.0,1.0,0.0,0.0,0.0,-0.0006944444444444187
74,0.0,1.0,0.0,1.0,0.0,0.0,1.0,0.0,0.0,0.0,-0.00024548611111107065
75,1.0,1.0,0.0,1.0,0.0,0.0,1.0,0.0,0.0,0.0,-0.0008687499999999391
76,0.0,0.0,1.0,1.0,0.0,0.0,1.0,0.0,0.0,0.0,2.1875000000071882e-05
77,1.0,0.0,1.0,1.0,0.0,0.0,1.0,0.0,0.0,0.0,-0.0009684027777777471
78,0.0,1.0,1.0,1.0,0.0,0.0,1.0,0.0,0.0,0.0,-0.00012118055555504441
79,1.0,1.0,1.0,1.0,0.0,0.0,1.0,0.0,0.0,0.0,-0.0011288194444441513
80,0.0,0.0,0.0,0.0,1.0,0.0,1.0,0.0,0.0,0.0,0.0001736111111111356
81,1.0,0.0,0.0,0.0,1.0,0.0,1.0,0.0,0.0,0.0,-0.0005503472222221975
82,0.0,1.0,0.0,0.0,1.0,0.0,1.0,0.0,0.0,0.0,-6.944444444433733e-05
83,1.0,1.0,0.0,0.0,1.0,0.0,1.0,0.0,0.0,0.0,-0.0007656250000000129
84,0.0,0.0,1.0,0.0,1.0,0.0,1.0,0.0,0.0,0.0,0.0004923611111108956
85,1.0,0.0,1.0,0.0,1.0,0.0,1.0,0.0,0.0,0.0,-0.000184722222222497
86,0.0,1.0,1.0,0.0,1.0,0.0,1.0,0.0,0.0,0.0,0.00013819444444434286
87,1.0,1.0,1.0,0.0,1.0,0.0,1.0,0.0,0.0,0.0,-0.0006527777777777482
88,0.0,0.0,0.0,1.0,1.0,0.0,1.0,0.0,0.0,0.0,0.00010000000000000865
89,1.0,0.0,0.0,1.0,1.0,0.0,1.0,0.0,0.0,0.0,-0.000811458333333341
90,0.0,1.0,0.0,1.0,1.0,0.0,1.0,0.0,0.0,0.0,-0.0002819444444444333
91,1.0,1.0,0.0,1.0,1.0,0.0,1.0,0.0,0.0,0.0,-0.0010250000000000237
92,0.0,0.0,1.0,1.0,1.0,0.0,1.0,0.0,0.0,0.0,0.00031805555555559207
93,1.0,0.0,1.0,1.0,1.0,0.0,1.0,0.0,0.0,0.0,-0.0009805555555555657
94,0.0,1.0,1.0,1.0,1.0,0.0,1.0,0.0,0.0,0.0,8.055555555440294e-05
95,1.0,1.0,1.0,1.0,1.0,0.0,1.0,0.0,0.0,0.0,-0.0009239583333406892
96,0.0,0.0,0.0,0.0,0.0,1.0,1.0,0.0,0.0,0.0,0.0008142361111111219
97,1.0,0.0,0.0,0.0,0.0,1.0,1.0,0.0,0.0,0.0,-0.0006180555555555365
98,0.0,1.0,0.0,0.0,0.0,1.0,1.0,0.0,0.0,0.0,-0.00039062499999969314
99,1.0,1.0,0.0,0.0,0.0,1.0,1.0,0.0,0.0,0.0,-0.0013506944444444024
100,0.0,0.0,1.0,0.0,0.0,1.0,1.0,0.0,0.0,0.0,-0.00018298611111118555
101,1.0,0.0,1.0,0.0,0.0,1.0,1.0,0.0,0.0,0.0,-0.0007531250000000655
102,0.0,1.0,1.0,0.0,0.0,1.0,1.0,0.0,0.0,0.0,-0.0004295138888889915
103,1.0,1.0,1.0,0.0,0.0,1.0,1.0,0.0,0.0,0.0,-0.0012392361111111243
104,0.0,0.0,0.0,1.0,0.0,1.0,1.0,0.0,0.0,0.0,-0.00018437499999998156
105,1.0,0.0,0.0,1.0,0.0,1.0,1.0,0.0,0.0,0.0,-0.0010611111111110915
106,0.0,1.0,0.0,1.0,0.0,1.0,1.0,0.0,0.0,0.0,-0.0006211805555554862
107,1.0,1.0,0.0,1.0,0.0,1.0,1.0,0.0,0.0,0.0,-0.0018694444444443711
108,0.0,0.0,1.0,1.0,0.0,1.0,1.0,0.0,0.0,0.0,-0.0005878472222219812
109,1.0,0.0,1.0,1.0,0.0,1.0,1.0,0.0,0.0,0.0,-0.001439236111111003
110,0.0,1.0,1.0,1.0,0.0,1.0,1.0,0.0,0.0,0.0,-0.0008649305555560053
111,1.0,1.0,1.0,1.0,0.0,1.0,1.0,0.0,0.0,0.0,-0.0017440972222224228
112,0.0,0.0,0.0,0.0,1.0,1.0,1.0,0.0,0.0,0.0,0.00012847222222230395
113,1.0,0.0,0.0,0.0,1.0,1.0,1.0,0.0,0.0,0.0,-0.0004982638888888331
114,0.0,1.0,0.0,0.0,1.0,1.0,1.0,0.0,0.0,0.0,-0.00028472222222372375
115,1.0,1.0,0.0,0.0,1.0,1.0,1.0,0.0,0.0,0.0,-0.0015017361111112882
116,0.0,0.0,1.0,0.0,1.0,1.0,1.0,0.0,0.0,0.0,0.00011666666666655819
117,1.0,0.0,1.0,0.0,1.0,1.0,1.0,0.0,0.0,0.0,-0.00045208333333346157
118,0.0,1.0,1.0,0.0,1.0,1.0,1.0,0.0,0.0,0.0,-0.00020069444444456463
119,1.0,1.0,1.0,0.0,1.0,1.0,1.0,0.0,0.0,0.0,-0.0012756944444444554
120,0.0,0.0,0.0,1.0,1.0,1.0,1.0,0.0,0.0,0.0,-3.57638888888635e-05
121,1.0,0.0,0.0,1.0,1.0,1.0,1.0,0.0,0.0,0.0,-0.0010944444444444602
122,0.0,1.0,0.0,1.0,1.0,1.0,1.0,0.0,0.0,0.0,-0.0008197916666666132
123,1.0,1.0,0.0,1.0,1.0,1.0,1.0,0.0,0.0,0.0,-0.0025423611111111597
124,0.0,0.0,1.0,1.0,1.0,1.0,1.0,0.0,0.0,0.0,-0.00041354166666605164
125,1.0,0.0,1.0,1.0,1.0,1.0,1.0,0.0,0.0,0.0,-0.0014593749999998599
126,0.0,1.0,1.0,1.0,1.0,1.0,1.0,0.0,0.0,0.0,-0.0009572916666669664
127,1.0,1.0,1.0,1.0,1.0,1.0,1.0,0.0,0.0,0.0,-0.002029513888888832
128,0.0,0.0,0.0,0.0,0.0,0.0,0.0,1.0,0.0,0.0,0.0034583333333333332
129,1.0,0.0,0.0,0.0,0.0,0.0,0.0,1.0,0.0,0.0,-0.0006249999999999857
130,0.0,1.0,0.0,0.0,0.0,0.0,0.0,1.0,0.0,0.0,-0.0002361111111110959
131,1.0,1.0,0.0,0.0,0.0,0.0,0.0,1.0,0.0,0.0,-0.000618055555555541
132,0.0,0.0,1.0,0.0,0.0,0.0,0.0,1.0,0.0,0.0,-7.361111111110344e-05
133,1.0,0.0,1.0,0.0,0.0,0.0,0.0,1.0,0.0,0.0,-0.00038090277777776273
134,0.0,1.0,1.0,0.0,0.0,0.0,0.0,1.0,0.0,0.0,-0.000198611111110908
135,1.0,1.0,1.0,0.0,0.0,0.0,0.0,1.0,0.0,0.0,-0.0003253472222223299
136,0.0,0.0,0.0,1.0,0.0,0.0,0.0,1.0,0.0,0.0,-0.00045833333333331365
137,1.0,0.0,0.0,1.0,0.0,0.0,0.0,1.0,0.0,0.0,-0.0009149305555555287
138,0.0,1.0,0.0,1.0,0.0,0.0,0.0,1.0,0.0,0.0,-0.000468055555555512
139,1.0,1.0,0.0,1.0,0.0,0.0,0.0,1.0,0.0,0.0,-0.000830902777777722
140,0.0,0.0,1.0,1.0,0.0,0.0,0.0,1.0,0.0,0.0,-0.0002576388888888657
141,1.0,0.0,1.0,1.0,0.0,0.0,0.0,1.0,0.0,0.0,-0.0008027777777777427
142,0.0,1.0,1.0,1.0,0.0,0.0,0.0,1.0,0.0,0.0,-0.00035243055555547677
143,1.0,1.0,1.0,1.0,0.0,0.0,0.0,1.0,0.0,0.0,-0.0004913194444443516
144,0.0,0.0,0.0,0.0,1.0,0.0,0.0,1.0,0.0,0.0,-0.00019444444444445422
145,1.0,0.0,0.0,0.0,1.0,0.0,0.0,1.0,0.0,0.0,-0.0008166666666666673
146,1.0,1.0,0.0,0.0,1.0,0.0,0.0,1.0,0.0,0.0,-0.0003722222222222464
147,0.0,0.0,1.0,0.0,1.0,0.0,0.0,1.0,0.0,0.0,0.00021805555555557646
148,1.0,0.0,1.0,0.0,1.0,0.0,0.0,1.0,0.0,0.0,-0.0001281249999999417
149,0.0,1.0,1.0,0.0,1.0,0.0,0.0,1.0,0.0,0.0,0.0003736111111109317
150,1.0,1.0,1.0,0.0,1.0,0.0,0.0,1.0,0.0,0.0,0.0005315972222227305
151,0.0,0.0,0.0,1.0,1.0,0.0,0.0,1.0,0.0,0.0,-0.0005329861111111153
152,1.0,0.0,0.0,1.0,1.0,0.0,0.0,1.0,0.0,0.0,-0.0011690972222222283
153,0.0,1.0,0.0,1.0,1.0,0.0,0.0,1.0,0.0,0.0,-0.00030069444444442425
154,1.0,1.0,0.0,1.0,1.0,0.0,0.0,1.0,0.0,0.0,-0.0005861111111111006
155,0.0,0.0,1.0,1.0,1.0,0.0,0.0,1.0,0.0,0.0,-0.00011006944444443001
156,1.0,0.0,1.0,1.0,1.0,0.0,0.0,1.0,0.0,0.0,-0.0006263888888888168
157,0.0,1.0,1.0,1.0,1.0,0.0,0.0,1.0,0.0,0.0,0.00032812500000007873
158,1.0,1.0,1.0,1.0,1.0,0.0,0.0,1.0,0.0,0.0,0.0004166666666667228
159,0.0,0.0,0.0,0.0,0.0,1.0,0.0,1.0,0.0,0.0,-0.00011666666666665375
160,1.0,0.0,0.0,0.0,0.0,1.0,0.0,1.0,0.0,0.0,-0.0008666666666666523
161,0.0,1.0,0.0,0.0,0.0,1.0,0.0,1.0,0.0,0.0,-0.0005645833333332947
162,1.0,1.0,0.0,0.0,0.0,1.0,0.0,1.0,0.0,0.0,-0.00120868055555556
163,0.0,0.0,1.0,0.0,0.0,1.0,0.0,1.0,0.0,0.0,-0.0002666666666665245
164,1.0,0.0,1.0,0.0,0.0,1.0,0.0,1.0,0.0,0.0,-0.0005461805555554921
165,0.0,1.0,1.0,0.0,0.0,1.0,0.0,1.0,0.0,0.0,-0.0006590277777779073
166,1.0,1.0,1.0,0.0,0.0,1.0,0.0,1.0,0.0,0.0,-0.0006590277777776759
167,0.0,0.0,0.0,1.0,0.0,1.0,0.0,1.0,0.0,0.0,-0.0007652777777777289
168,1.0,0.0,0.0,1.0,0.0,1.0,0.0,1.0,0.0,0.0,-0.0013607638888888352
169,0.0,1.0,0.0,1.0,0.0,1.0,0.0,1.0,0.0,0.0,-0.0009729166666665792
170,1.0,1.0,0.0,1.0,0.0,1.0,0.0,1.0,0.0,0.0,-0.0015979166666665941
171,0.0,0.0,1.0,1.0,0.0,1.0,0.0,1.0,0.0,0.0,-0.0007183531746030473
172,1.0,0.0,1.0,1.0,0.0,1.0,0.0,1.0,0.0,0.0,-0.0011329365079363826
173,0.0,1.0,1.0,1.0,0.0,1.0,0.0,1.0,0.0,0.0,-0.0011916170634917406
174,1.0,1.0,1.0,1.0,0.0,1.0,0.0,1.0,0.0,0.0,-0.0009898809523807297
175,0.0,0.0,0.0,0.0,1.0,1.0,0.0,1.0,0.0,0.0,-0.000245138888888886
176,1.0,0.0,0.0,0.0,1.0,1.0,0.0,1.0,0.0,0.0,-0.0008534722222222271
177,0.0,1.0,0.0,0.0,1.0,1.0,0.0,1.0,0.0,0.0,-0.00048472222222220986
178,1.0,1.0,0.0,0.0,1.0,1.0,0.0,1.0,0.0,0.0,-0.0010822916666667448
179,0.0,0.0,1.0,0.0,1.0,1.0,0.0,1.0,0.0,0.0,-1.1805555554990843e-05
180,1.0,0.0,1.0,0.0,1.0,1.0,0.0,1.0,0.0,0.0,-0.00010798611111082702
181,0.0,1.0,1.0,0.0,1.0,1.0,0.0,1.0,0.0,0.0,-0.00026666666666675466
182,1.0,1.0,1.0,0.0,1.0,1.0,0.0,1.0,0.0,0.0,-3.888888888876202e-05
183,0.0,0.0,0.0,1.0,1.0,1.0,0.0,1.0,0.0,0.0,-0.0007531249999999684
184,1.0,0.0,0.0,1.0,1.0,1.0,0.0,1.0,0.0,0.0,-0.0013975694444444268
185,0.0,1.0,0.0,1.0,1.0,1.0,0.0,1.0,0.0,0.0,-0.0010493055555554542
186,1.0,1.0,0.0,1.0,1.0,1.0,0.0,1.0,0.0,0.0,-0.0016350694444443852
187,0.0,0.0,1.0,1.0,1.0,1.0,0.0,1.0,0.0,0.0,-0.00042321428571412027
188,1.0,0.0,1.0,1.0,1.0,1.0,0.0,1.0,0.0,0.0,-0.0006700892857140944
189,0.0,1.0,1.0,1.0,1.0,1.0,0.0,1.0,0.0,0.0,-0.0005898809523801383
190,1.0,1.0,1.0,1.0,1.0,1.0,0.0,1.0,0.0,0.0,-0.00036765873015829926
191,0.0,0.0,0.0,0.0,0.0,0.0,1.0,1.0,0.0,0.0,0.002425347222222219
192,1.0,0.0,0.0,0.0,0.0,0.0,1.0,1.0,0.0,0.0,-0.0006041666666666565
193,0.0,1.0,0.0,0.0,0.0,0.0,1.0,1.0,0.0,0.0,-9.548611111106669e-05
194,1.0,1.0,0.0,0.0,0.0,0.0,1.0,1.0,0.0,0.0,-0.0007847222222221831
195,0.0,0.0,1.0,0.0,0.0,0.0,1.0,1.0,0.0,0.0,0.0003281250000001346
196,1.0,0.0,1.0,0.0,0.0,0.0,1.0,1.0,0.0,0.0,-0.0002559027777781051
197,0.0,1.0,1.0,0.0,0.0,0.0,1.0,1.0,0.0,0.0,0.0002100694444443648
198,1.0,1.0,1.0,0.0,0.0,0.0,1.0,1.0,0.0,0.0,-0.00034270833333327423
199,0.0,0.0,0.0,1.0,0.0,0.0,1.0,1.0,0.0,0.0,-2.6041666666641057e-05
200,1.0,0.0,0.0,1.0,0.0,0.0,1.0,1.0,0.0,0.0,-0.0010555555555555156
201,0.0,1.0,0.0,1.0,0.0,0.0,1.0,1.0,0.0,0.0,-0.00025937499999991153
202,1.0,1.0,0.0,1.0,0.0,0.0,1.0,1.0,0.0,0.0,-0.0008895833333332124
203,0.0,0.0,1.0,1.0,0.0,0.0,1.0,1.0,0.0,0.0,0.00016631944444448705
204,1.0,0.0,1.0,1.0,0.0,0.0,1.0,1.0,0.0,0.0,-0.0009697916666666367
205,0.0,1.0,1.0,1.0,0.0,0.0,1.0,1.0,0.0,0.0,0.0002732638888894226
206,1.0,1.0,1.0,1.0,0.0,0.0,1.0,1.0,0.0,0.0,-0.0001614583333328762
207,0.0,0.0,0.0,0.0,1.0,0.0,1.0,1.0,0.0,0.0,0.00018749999999999626
208,1.0,0.0,0.0,0.0,1.0,0.0,1.0,1.0,0.0,0.0,-0.0008947916666666761
209,0.0,1.0,0.0,0.0,1.0,0.0,1.0,1.0,0.0,0.0,0.0002916666666667604
210,1.0,1.0,0.0,0.0,1.0,0.0,1.0,1.0,0.0,0.0,-0.0007350694444444421
211,0.0,0.0,1.0,0.0,1.0,0.0,1.0,1.0,0.0,0.0,0.0009270833333332012
212,1.0,0.0,1.0,0.0,1.0,0.0,1.0,1.0,0.0,0.0,3.055555555555611e-05
213,0.0,1.0,1.0,0.0,1.0,0.0,1.0,1.0,0.0,0.0,0.0010201388888888142
214,1.0,1.0,1.0,0.0,1.0,0.0,1.0,1.0,0.0,0.0,0.0005201388888889652
215,0.0,0.0,0.0,1.0,1.0,0.0,1.0,1.0,0.0,0.0,0.00012256944444444075
216,1.0,0.0,0.0,1.0,1.0,0.0,1.0,1.0,0.0,0.0,-0.001188888888888893
217,0.0,1.0,0.0,1.0,1.0,0.0,1.0,1.0,0.0,0.0,-3.541666666659399e-05
218,1.0,1.0,0.0,1.0,1.0,0.0,1.0,1.0,0.0,0.0,-0.0006506944444443636
219,0.0,0.0,1.0,1.0,1.0,0.0,1.0,1.0,0.0,0.0,0.000651736111111091
220,1.0,0.0,1.0,1.0,1.0,0.0,1.0,1.0,0.0,0.0,-0.000882986111111038
221,0.0,1.0,1.0,1.0,1.0,0.0,1.0,1.0,0.0,0.0,0.001304166666669207
222,1.0,1.0,1.0,1.0,1.0,0.0,1.0,1.0,0.0,0.0,0.0014211805555566683
223,0.0,0.0,0.0,0.0,0.0,1.0,1.0,1.0,0.0,0.0,0.0027531250000000424
224,1.0,0.0,0.0,0.0,0.0,1.0,1.0,1.0,0.0,0.0,-0.0009291666666666244
225,0.0,1.0,0.0,0.0,0.0,1.0,1.0,1.0,0.0,0.0,-0.0005906249999996308
226,1.0,1.0,0.0,0.0,0.0,1.0,1.0,1.0,0.0,0.0,-0.0018892361111109708
227,0.0,0.0,1.0,0.0,0.0,1.0,1.0,1.0,0.0,0.0,9.340277777757605e-05
228,1.0,0.0,1.0,0.0,0.0,1.0,1.0,1.0,0.0,0.0,-0.0005739583333333786
229,0.0,1.0,1.0,0.0,0.0,1.0,1.0,1.0,0.0,0.0,-0.0001531250000001177
230,1.0,1.0,1.0,0.0,0.0,1.0,1.0,1.0,0.0,0.0,-0.000825694444444405
231,0.0,0.0,0.0,1.0,0.0,1.0,1.0,1.0,0.0,0.0,-0.0003704861111110333
232,1.0,0.0,0.0,1.0,0.0,1.0,1.0,1.0,0.0,0.0,-0.001844444444444359
233,0.0,1.0,0.0,1.0,0.0,1.0,1.0,1.0,0.0,0.0,-0.0012517361111108885
234,1.0,1.0,0.0,1.0,0.0,1.0,1.0,1.0,0.0,0.0,-0.0027065972222220175
235,0.0,0.0,1.0,1.0,0.0,1.0,1.0,1.0,0.0,0.0,-0.00037703373015830717
236,1.0,0.0,1.0,1.0,0.0,1.0,1.0,1.0,0.0,0.0,-0.0015770337301584548
237,0.0,1.0,1.0,1.0,0.0,1.0,1.0,1.0,0.0,0.0,-0.0010430059523820084
238,1.0,1.0,1.0,1.0,0.0,1.0,1.0,1.0,0.0,0.0,-0.0014336309523815772
239,0.0,0.0,0.0,0.0,1.0,1.0,1.0,1.0,0.0,0.0,0.00016458333333342544
240,1.0,0.0,0.0,0.0,1.0,1.0,1.0,1.0,0.0,0.0,-0.001001041666666628
241,0.0,1.0,0.0,0.0,1.0,1.0,1.0,1.0,0.0,0.0,-0.00016527777775271078
242,1.0,1.0,0.0,0.0,1.0,1.0,1.0,1.0,0.0,0.0,-0.0021013888888881858
243,0.0,0.0,1.0,0.0,1.0,1.0,1.0,1.0,0.0,0.0,0.0006236111111109006
244,1.0,0.0,1.0,0.0,1.0,1.0,1.0,1.0,0.0,0.0,-0.0001784722222223517
245,0.0,1.0,1.0,0.0,1.0,1.0,1.0,1.0,0.0,0.0,0.0005333333333332041
246,1.0,1.0,1.0,0.0,1.0,1.0,1.0,1.0,0.0,0.0,-0.0007190972222221927
247,0.0,0.0,0.0,1.0,1.0,1.0,1.0,1.0,0.0,0.0,-7.430555555548511e-05
248,1.0,0.0,0.0,1.0,1.0,1.0,1.0,1.0,0.0,0.0,-0.0018107638888888217
249,0.0,1.0,0.0,1.0,1.0,1.0,1.0,1.0,0.0,0.0,-0.0010954861111108342
250,1.0,1.0,0.0,1.0,1.0,1.0,1.0,1.0,0.0,0.0,-0.003064930555555307
251,0.0,0.0,1.0,1.0,1.0,1.0,1.0,1.0,0.0,0.0,0.000187549603175567
252,1.0,0.0,1.0,1.0,1.0,1.0,1.0,1.0,0.0,0.0,-0.001429464285713428
253,0.0,1.0,1.0,1.0,1.0,1.0,1.0,1.0,0.0,0.0,-5.307539682604589e-05
254,1.0,1.0,1.0,1.0,1.0,1.0,1.0,1.0,0.0,0.0,-0.0006575892857147463
255,0.0,0.0,0.0,0.0,0.0,0.0,0.0,0.0,1.0,0.0,0.0033888888888888927
256,1.0,0.0,0.0,0.0,0.0,0.0,0.0,0.0,1.0,0.0,-0.0006944444444444259
257,0.0,1.0,0.0,0.0,0.0,0.0,0.0,0.0,1.0,0.0,-0.0004305555555555506
258,1.0,1.0,0.0,0.0,0.0,0.0,0.0,0.0,1.0,0.0,-0.0007361111111111031
259,0.0,0.0,1.0,0.0,0.0,0.0,0.0,0.0,1.0,0.0,-0.000379166666666648
260,1.0,0.0,1.0,0.0,0.0,0.0,0.0,0.0,1.0,0.0,-0.0007003472222222005
261,0.0,1.0,1.0,0.0,0.0,0.0,0.0,0.0,1.0,0.0,-0.00045833333333333983
262,1.0,1.0,1.0,0.0,0.0,0.0,0.0,0.0,1.0,0.0,-0.0006336805555555912
263,0.0,0.0,0.0,1.0,0.0,0.0,0.0,0.0,1.0,0.0,-0.0006249999999999977
264,1.0,0.0,0.0,1.0,0.0,0.0,0.0,0.0,1.0,0.0,-0.000848958333333313
265,0.0,1.0,0.0,1.0,0.0,0.0,0.0,0.0,1.0,0.0,-0.0005374999999999989
266,1.0,1.0,0.0,1.0,0.0,0.0,0.0,0.0,1.0,0.0,-0.000980208333333316
267,0.0,0.0,1.0,1.0,0.0,0.0,0.0,0.0,1.0,0.0,-0.0006743055555555569
268,1.0,0.0,1.0,1.0,0.0,0.0,0.0,0.0,1.0,0.0,-0.0010145833333333207
269,0.0,1.0,1.0,1.0,0.0,0.0,0.0,0.0,1.0,0.0,-0.0008760416666666979
270,1.0,1.0,1.0,1.0,0.0,0.0,0.0,0.0,1.0,0.0,-0.0011642361111111445
271,0.0,0.0,0.0,0.0,1.0,0.0,0.0,0.0,1.0,0.0,-0.0004913194444444382
272,1.0,0.0,0.0,0.0,1.0,0.0,0.0,0.0,1.0,0.0,-0.0007968749999999749
273,0.0,1.0,0.0,0.0,1.0,0.0,0.0,0.0,1.0,0.0,-0.0001704861111111162
274,1.0,1.0,0.0,0.0,1.0,0.0,0.0,0.0,1.0,0.0,-0.00030937499999999975
275,0.0,0.0,1.0,0.0,1.0,0.0,0.0,0.0,1.0,0.0,-0.0001565972222221773
276,1.0,0.0,1.0,0.0,1.0,0.0,0.0,0.0,1.0,0.0,-0.00029374999999990894
277,0.0,1.0,1.0,0.0,1.0,0.0,0.0,0.0,1.0,0.0,8.506944444445813e-05
278,1.0,1.0,1.0,0.0,1.0,0.0,0.0,0.0,1.0,0.0,0.00020902777777778744
279,0.0,0.0,0.0,1.0,1.0,0.0,0.0,0.0,1.0,0.0,-0.0006177083333333376
280,1.0,0.0,0.0,1.0,1.0,0.0,0.0,0.0,1.0,0.0,-0.0008295138888888846
281,0.0,1.0,0.0,1.0,1.0,0.0,0.0,0.0,1.0,0.0,-0.00028680555555556005
282,1.0,1.0,0.0,1.0,1.0,0.0,0.0,0.0,1.0,0.0,-0.00041180555555554596
283,0.0,0.0,1.0,1.0,1.0,0.0,0.0,0.0,1.0,0.0,-0.00031562500000000514
284,1.0,0.0,1.0,1.0,1.0,0.0,0.0,0.0,1.0,0.0,-0.0002000000000000009
285,0.0,1.0,1.0,1.0,1.0,0.0,0.0,0.0,1.0,0.0,-0.00021840277777782
286,1.0,1.0,1.0,1.0,1.0,0.0,0.0,0.0,1.0,0.0,-1.8750000000069692e-05
287,0.0,0.0,0.0,0.0,0.0,1.0,0.0,0.0,1.0,0.0,0.0024388888888888936
288,1.0,0.0,0.0,0.0,0.0,1.0,0.0,0.0,1.0,0.0,-0.0008472222222221896
289,0.0,1.0,0.0,0.0,0.0,1.0,0.0,0.0,1.0,0.0,-0.0010524305555555614
290,1.0,1.0,0.0,0.0,0.0,1.0,0.0,0.0,1.0,0.0,-0.0013437499999999821
291,0.0,0.0,1.0,0.0,0.0,1.0,0.0,0.0,1.0,0.0,-0.000780555555555516
292,1.0,0.0,1.0,0.0,0.0,1.0,0.0,0.0,1.0,0.0,-0.0010753472222221757
293,0.0,1.0,1.0,0.0,0.0,1.0,0.0,0.0,1.0,0.0,-0.0016236111111111366
294,1.0,1.0,1.0,0.0,0.0,1.0,0.0,0.0,1.0,0.0,-0.0017666666666667488
295,0.0,0.0,0.0,1.0,0.0,1.0,0.0,0.0,1.0,0.0,-0.0010152777777777582
296,1.0,0.0,0.0,1.0,0.0,1.0,0.0,0.0,1.0,0.0,-0.0011920138888888404
297,0.0,1.0,0.0,1.0,0.0,1.0,0.0,0.0,1.0,0.0,-0.0012940972222222056
298,1.0,1.0,0.0,1.0,0.0,1.0,0.0,0.0,1.0,0.0,-0.001828472222222168
299,0.0,0.0,1.0,1.0,0.0,1.0,0.0,0.0,1.0,0.0,-0.0014909722222221865
300,1.0,0.0,1.0,1.0,0.0,1.0,0.0,0.0,1.0,0.0,-0.0018326388888888312
301,0.0,1.0,1.0,1.0,0.0,1.0,0.0,0.0,1.0,0.0,-0.0023593749999999926
302,1.0,1.0,1.0,1.0,0.0,1.0,0.0,0.0,1.0,0.0,-0.002860069444444459
303,0.0,0.0,0.0,0.0,1.0,1.0,0.0,0.0,1.0,0.0,-0.0007850694444444375
304,1.0,0.0,0.0,0.0,1.0,1.0,0.0,0.0,1.0,0.0,-0.0009600694444444085
305,0.0,1.0,0.0,0.0,1.0,1.0,0.0,0.0,1.0,0.0,-0.001455555555555579
306,1.0,1.0,0.0,0.0,1.0,1.0,0.0,0.0,1.0,0.0,-0.0014170138888888913
307,0.0,0.0,1.0,0.0,1.0,1.0,0.0,0.0,1.0,0.0,-0.0006656249999999356
308,1.0,0.0,1.0,0.0,1.0,1.0,0.0,0.0,1.0,0.0,-0.0007503472222220841
309,0.0,1.0,1.0,0.0,1.0,1.0,0.0,0.0,1.0,0.0,-0.0015447916666666921
310,1.0,1.0,1.0,0.0,1.0,1.0,0.0,0.0,1.0,0.0,-0.001407638888888884
311,0.0,0.0,0.0,1.0,1.0,1.0,0.0,0.0,1.0,0.0,-0.0010392361111111067
312,1.0,0.0,0.0,1.0,1.0,1.0,0.0,0.0,1.0,0.0,-0.0013579861111110948
313,0.0,1.0,0.0,1.0,1.0,1.0,0.0,0.0,1.0,0.0,-0.0018034722222221972
314,1.0,1.0,0.0,1.0,1.0,1.0,0.0,0.0,1.0,0.0,-0.002223611111111067
315,0.0,0.0,1.0,1.0,1.0,1.0,0.0,0.0,1.0,0.0,-0.0010815972222222134
316,1.0,0.0,1.0,1.0,1.0,1.0,0.0,0.0,1.0,0.0,-0.0012482638888888695
317,0.0,1.0,1.0,1.0,1.0,1.0,0.0,0.0,1.0,0.0,-0.001972916666666649
318,1.0,1.0,1.0,1.0,1.0,1.0,0.0,0.0,1.0,0.0,-0.0028437500000000576
319,0.0,0.0,0.0,0.0,0.0,0.0,1.0,0.0,1.0,0.0,0.0011420138888889
320,1.0,0.0,0.0,0.0,0.0,0.0,1.0,0.0,1.0,0.0,-0.0005680555555555348
321,0.0,1.0,0.0,0.0,0.0,0.0,1.0,0.0,1.0,0.0,-0.0002555555555555281
322,1.0,1.0,0.0,0.0,0.0,0.0,1.0,0.0,1.0,0.0,-0.0007295138888888763
323,0.0,0.0,1.0,0.0,0.0,0.0,1.0,0.0,1.0,0.0,-0.00016631944444440926
324,1.0,0.0,1.0,0.0,0.0,0.0,1.0,0.0,1.0,0.0,-0.000667013888888882
325,0.0,1.0,1.0,0.0,0.0,0.0,1.0,0.0,1.0,0.0,-0.0003097222222220309
326,1.0,1.0,1.0,0.0,0.0,0.0,1.0,0.0,1.0,0.0,-0.0009631944444444785
327,0.0,0.0,0.0,1.0,0.0,0.0,1.0,0.0,1.0,0.0,-0.0004343749999999879
328,1.0,0.0,0.0,1.0,0.0,0.0,1.0,0.0,1.0,0.0,-0.0009569444444444125
329,0.0,1.0,0.0,1.0,0.0,0.0,1.0,0.0,1.0,0.0,-0.0007388888888888548
330,1.0,1.0,0.0,1.0,0.0,0.0,1.0,0.0,1.0,0.0,-0.0013274305555555186
331,0.0,0.0,1.0,1.0,0.0,0.0,1.0,0.0,1.0,0.0,-0.0004406249999999732
332,1.0,0.0,1.0,1.0,0.0,0.0,1.0,0.0,1.0,0.0,-0.0012156249999999826
333,0.0,1.0,1.0,1.0,0.0,0.0,1.0,0.0,1.0,0.0,-0.0009673611111110581
334,1.0,1.0,1.0,1.0,0.0,0.0,1.0,0.0,1.0,0.0,-0.0018833333333333525
335,0.0,0.0,0.0,0.0,1.0,0.0,1.0,0.0,1.0,0.0,-0.0003913194444444182
336,1.0,0.0,0.0,0.0,1.0,0.0,1.0,0.0,1.0,0.0,-0.0009069444444444016
337,0.0,1.0,0.0,0.0,1.0,0.0,1.0,0.0,1.0,0.0,-0.0003291666666666446
338,1.0,1.0,0.0,0.0,1.0,0.0,1.0,0.0,1.0,0.0,-0.0008934027777777742
339,0.0,0.0,1.0,0.0,1.0,0.0,1.0,0.0,1.0,0.0,0.00018437500000011397
340,1.0,0.0,1.0,0.0,1.0,0.0,1.0,0.0,1.0,0.0,-0.000253124999999866
341,0.0,1.0,1.0,0.0,1.0,0.0,1.0,0.0,1.0,0.0,-5.486111111221241e-05
342,1.0,1.0,1.0,0.0,1.0,0.0,1.0,0.0,1.0,0.0,-0.0006895833333298981
343,0.0,0.0,0.0,1.0,1.0,0.0,1.0,0.0,1.0,0.0,-0.00045243055555554376
344,1.0,0.0,0.0,1.0,1.0,0.0,1.0,0.0,1.0,0.0,-0.001079166666666635
345,0.0,1.0,0.0,1.0,1.0,0.0,1.0,0.0,1.0,0.0,-0.0009423611111110764
346,1.0,1.0,0.0,1.0,1.0,0.0,1.0,0.0,1.0,0.0,-0.0013520833333332822
347,0.0,0.0,1.0,1.0,1.0,0.0,1.0,0.0,1.0,0.0,0.00011145833333335718
348,1.0,0.0,1.0,1.0,1.0,0.0,1.0,0.0,1.0,0.0,-0.0005281249999999676
349,0.0,1.0,1.0,1.0,1.0,0.0,1.0,0.0,1.0,0.0,-0.0003781249999999724
350,1.0,1.0,1.0,1.0,1.0,0.0,1.0,0.0,1.0,0.0,-0.000826388888888863
351,0.0,0.0,0.0,0.0,0.0,1.0,1.0,0.0,1.0,0.0,0.0025618055555555633
352,1.0,0.0,0.0,0.0,0.0,1.0,1.0,0.0,1.0,0.0,-0.0006427083333332831
353,0.0,1.0,0.0,0.0,0.0,1.0,1.0,0.0,1.0,0.0,-0.0007854166666666674
354,1.0,1.0,0.0,0.0,0.0,1.0,1.0,0.0,1.0,0.0,-0.0013562499999999725
355,0.0,0.0,1.0,0.0,0.0,1.0,1.0,0.0,1.0,0.0,-0.0007829861111110457
356,1.0,0.0,1.0,0.0,0.0,1.0,1.0,0.0,1.0,0.0,-0.0013284722222221303
357,0.0,1.0,1.0,0.0,0.0,1.0,1.0,0.0,1.0,0.0,-0.0013847222222222498
358,1.0,1.0,1.0,0.0,0.0,1.0,1.0,0.0,1.0,0.0,-0.002068402777777738
359,0.0,0.0,0.0,1.0,0.0,1.0,1.0,0.0,1.0,0.0,-0.0004923611111110846
360,1.0,0.0,0.0,1.0,0.0,1.0,1.0,0.0,1.0,0.0,-0.0010371527777777168
361,0.0,1.0,0.0,1.0,0.0,1.0,1.0,0.0,1.0,0.0,-0.001210416666666617
362,1.0,1.0,0.0,1.0,0.0,1.0,1.0,0.0,1.0,0.0,-0.001987847222222157
363,0.0,0.0,1.0,1.0,0.0,1.0,1.0,0.0,1.0,0.0,-0.001251388888888818
364,1.0,0.0,1.0,1.0,0.0,1.0,1.0,0.0,1.0,0.0,-0.0021666666666666366
365,0.0,1.0,1.0,1.0,0.0,1.0,1.0,0.0,1.0,0.0,-0.0021989583333331974
366,1.0,1.0,1.0,1.0,0.0,1.0,1.0,0.0,1.0,0.0,-0.0033465277777779538
367,0.0,0.0,0.0,0.0,1.0,1.0,1.0,0.0,1.0,0.0,-0.00030138888888886923
368,1.0,0.0,0.0,0.0,1.0,1.0,1.0,0.0,1.0,0.0,-0.0005857638888888368
369,0.0,1.0,0.0,0.0,1.0,1.0,1.0,0.0,1.0,0.0,-0.001230555555555616
370,1.0,1.0,0.0,0.0,1.0,1.0,1.0,0.0,1.0,0.0,-0.001686805555555624
371,0.0,0.0,1.0,0.0,1.0,1.0,1.0,0.0,1.0,0.0,-0.00025243055555533545
372,1.0,0.0,1.0,0.0,1.0,1.0,1.0,0.0,1.0,0.0,-0.0006663194444442063
373,0.0,1.0,1.0,0.0,1.0,1.0,1.0,0.0,1.0,0.0,-0.0011916666666665842
374,1.0,1.0,1.0,0.0,1.0,1.0,1.0,0.0,1.0,0.0,-0.002072916666666478
375,0.0,0.0,0.0,1.0,1.0,1.0,1.0,0.0,1.0,0.0,-0.0003715277777777812
376,1.0,0.0,0.0,1.0,1.0,1.0,1.0,0.0,1.0,0.0,-0.0011604166666666473
377,0.0,1.0,0.0,1.0,1.0,1.0,1.0,0.0,1.0,0.0,-0.0020690972222221935
378,1.0,1.0,0.0,1.0,1.0,1.0,1.0,0.0,1.0,0.0,-0.0031399305555555217
379,0.0,0.0,1.0,1.0,1.0,1.0,1.0,0.0,1.0,0.0,-0.0006256944444444442
380,1.0,0.0,1.0,1.0,1.0,1.0,1.0,0.0,1.0,0.0,-0.001719444444444491
381,0.0,1.0,1.0,1.0,1.0,1.0,1.0,0.0,1.0,0.0,-0.002071875000000007
382,1.0,1.0,1.0,1.0,1.0,1.0,1.0,0.0,1.0,0.0,-0.004077083333333693
383,0.0,0.0,0.0,0.0,0.0,0.0,0.0,1.0,1.0,0.0,-0.0006250000000000084
384,1.0,0.0,0.0,0.0,0.0,0.0,0.0,1.0,1.0,0.0,-0.0009670138888888704
385,0.0,1.0,0.0,0.0,0.0,0.0,0.0,1.0,1.0,0.0,-0.0004166666666666666
386,1.0,1.0,0.0,0.0,0.0,0.0,0.0,1.0,1.0,0.0,-0.000973958333333313
387,0.0,0.0,1.0,0.0,0.0,0.0,0.0,1.0,1.0,0.0,-0.00035312500000000063
388,1.0,0.0,1.0,0.0,0.0,0.0,0.0,1.0,1.0,0.0,-0.0007038194444444211
389,0.0,1.0,1.0,0.0,0.0,0.0,0.0,1.0,1.0,0.0,-0.000321180555555584
390,1.0,1.0,1.0,0.0,0.0,0.0,0.0,1.0,1.0,0.0,-0.00044965277777778785
391,0.0,0.0,0.0,1.0,0.0,0.0,0.0,1.0,1.0,0.0,-0.0008888888888888877
392,1.0,0.0,0.0,1.0,0.0,0.0,0.0,1.0,1.0,0.0,-0.0014548611111110876
393,0.0,1.0,0.0,1.0,0.0,0.0,0.0,1.0,1.0,0.0,-0.0007138888888888716
394,1.0,1.0,0.0,1.0,0.0,0.0,0.0,1.0,1.0,0.0,-0.0014361111111110653
395,0.0,0.0,1.0,1.0,0.0,0.0,0.0,1.0,1.0,0.0,-0.0008149305555555776
396,1.0,0.0,1.0,1.0,0.0,0.0,0.0,1.0,1.0,0.0,-0.001406944444444421
397,0.0,1.0,1.0,1.0,0.0,0.0,0.0,1.0,1.0,0.0,-0.0009097222222222491
398,1.0,1.0,1.0,1.0,0.0,0.0,0.0,1.0,1.0,0.0,-0.0012302083333333026
399,0.0,0.0,0.0,0.0,1.0,0.0,0.0,1.0,1.0,0.0,-0.0005329861111111167
400,1.0,0.0,0.0,0.0,1.0,0.0,0.0,1.0,1.0,0.0,-0.0010222222222222126
401,0.0,1.0,0.0,0.0,1.0,0.0,0.0,1.0,1.0,0.0,0.00010729166666666621
402,1.0,1.0,0.0,0.0,1.0,0.0,0.0,1.0,1.0,0.0,-0.0003819444444444489
403,0.0,0.0,1.0,0.0,1.0,0.0,0.0,1.0,1.0,0.0,0.00024270833333335984
404,1.0,0.0,1.0,0.0,1.0,0.0,0.0,1.0,1.0,0.0,-0.0002795138888888161
405,0.0,1.0,1.0,0.0,1.0,0.0,0.0,1.0,1.0,0.0,0.00041770833333333254
406,1.0,1.0,1.0,0.0,1.0,0.0,0.0,1.0,1.0,0.0,0.0006635416666666686
407,0.0,0.0,0.0,1.0,1.0,0.0,0.0,1.0,1.0,0.0,-0.0005673611111111231
408,1.0,0.0,0.0,1.0,1.0,0.0,0.0,1.0,1.0,0.0,-0.001657291666666676
409,0.0,1.0,0.0,1.0,1.0,0.0,0.0,1.0,1.0,0.0,-0.00045277777777776246
410,1.0,1.0,0.0,1.0,1.0,0.0,0.0,1.0,1.0,0.0,-0.001372569444444425
411,0.0,0.0,1.0,1.0,1.0,0.0,0.0,1.0,1.0,0.0,5.069444444442101e-05
412,1.0,0.0,1.0,1.0,1.0,0.0,0.0,1.0,1.0,0.0,-0.0009437499999999664
413,0.0,1.0,1.0,1.0,1.0,0.0,0.0,1.0,1.0,0.0,-0.0003413194444444948
414,1.0,1.0,1.0,1.0,1.0,0.0,0.0,1.0,1.0,0.0,-0.0005947916666666607
415,0.0,0.0,0.0,0.0,0.0,1.0,0.0,1.0,1.0,0.0,0.0011000000000000105
416,1.0,0.0,0.0,0.0,0.0,1.0,0.0,1.0,1.0,0.0,-0.0011149305555555131
417,0.0,1.0,0.0,0.0,0.0,1.0,0.0,1.0,1.0,0.0,-0.0009482638888888737
418,1.0,1.0,0.0,0.0,0.0,1.0,0.0,1.0,1.0,0.0,-0.0016583333333332877
419,0.0,0.0,1.0,0.0,0.0,1.0,0.0,1.0,1.0,0.0,-0.0005656249999999127
420,1.0,0.0,1.0,0.0,0.0,1.0,0.0,1.0,1.0,0.0,-0.0008604166666665567
421,0.0,1.0,1.0,0.0,0.0,1.0,0.0,1.0,1.0,0.0,-0.001460416666666618
422,1.0,1.0,1.0,0.0,0.0,1.0,0.0,1.0,1.0,0.0,-0.0014684027777777493
423,0.0,0.0,0.0,1.0,0.0,1.0,0.0,1.0,1.0,0.0,-0.0012569444444444095
424,1.0,0.0,0.0,1.0,0.0,1.0,0.0,1.0,1.0,0.0,-0.0018902777777777074
425,0.0,1.0,0.0,1.0,0.0,1.0,0.0,1.0,1.0,0.0,-0.0013611111111110504
426,1.0,1.0,0.0,1.0,0.0,1.0,0.0,1.0,1.0,0.0,-0.0024614583333332466
427,0.0,0.0,1.0,1.0,0.0,1.0,0.0,1.0,1.0,0.0,-0.001561755952380895
428,1.0,0.0,1.0,1.0,0.0,1.0,0.0,1.0,1.0,0.0,-0.002175644841269732
429,0.0,1.0,1.0,1.0,0.0,1.0,0.0,1.0,1.0,0.0,-0.0025780753968253464
430,1.0,1.0,1.0,1.0,0.0,1.0,0.0,1.0,1.0,0.0,-0.003147172619047559
431,0.0,0.0,0.0,0.0,1.0,1.0,0.0,1.0,1.0,0.0,-0.0007350694444444426
432,1.0,0.0,0.0,0.0,1.0,1.0,0.0,1.0,1.0,0.0,-0.0011958333333333064
433,0.0,1.0,0.0,0.0,1.0,1.0,0.0,1.0,1.0,0.0,-0.001122222222222228
434,1.0,1.0,0.0,0.0,1.0,1.0,0.0,1.0,1.0,0.0,-0.0016454861111111164
435,0.0,0.0,1.0,0.0,1.0,1.0,0.0,1.0,1.0,0.0,-0.00011076388888881516
436,1.0,0.0,1.0,0.0,1.0,1.0,0.0,1.0,1.0,0.0,-0.0005663194444443058
437,0.0,1.0,1.0,0.0,1.0,1.0,0.0,1.0,1.0,0.0,-0.0012069444444445265
438,1.0,1.0,1.0,0.0,1.0,1.0,0.0,1.0,1.0,0.0,-0.0009562500000000659
439,0.0,0.0,0.0,1.0,1.0,1.0,0.0,1.0,1.0,0.0,-0.0007999999999999815
440,1.0,0.0,0.0,1.0,1.0,1.0,0.0,1.0,1.0,0.0,-0.0022059027777777515
441,0.0,1.0,0.0,1.0,1.0,1.0,0.0,1.0,1.0,0.0,-0.0018142361111110267
442,1.0,1.0,0.0,1.0,1.0,1.0,0.0,1.0,1.0,0.0,-0.003348958333333256
443,0.0,0.0,1.0,1.0,1.0,1.0,0.0,1.0,1.0,0.0,-0.0005193948412698229
444,1.0,0.0,1.0,1.0,1.0,1.0,0.0,1.0,1.0,0.0,-0.001999950396825317
445,0.0,1.0,1.0,1.0,1.0,1.0,0.0,1.0,1.0,0.0,-0.0022034226190476226
446,1.0,1.0,1.0,1.0,1.0,1.0,0.0,1.0,1.0,0.0,-0.003807242063492057
447,0.0,0.0,0.0,0.0,0.0,0.0,1.0,1.0,1.0,0.0,0.002558680555555551
448,1.0,0.0,0.0,0.0,0.0,0.0,1.0,1.0,1.0,0.0,-0.0008093749999999799
449,0.0,1.0,0.0,0.0,0.0,0.0,1.0,1.0,1.0,0.0,-0.00011249999999997738
450,1.0,1.0,0.0,0.0,0.0,0.0,1.0,1.0,1.0,0.0,-0.0008902777777777537
451,0.0,0.0,1.0,0.0,0.0,0.0,1.0,1.0,1.0,0.0,-6.666666666666643e-05
452,1.0,0.0,1.0,0.0,0.0,0.0,1.0,1.0,1.0,0.0,-0.0007322916666667022
453,0.0,1.0,1.0,0.0,0.0,0.0,1.0,1.0,1.0,0.0,0.00015520833333329578
454,1.0,1.0,1.0,0.0,0.0,0.0,1.0,1.0,1.0,0.0,-0.00048333333333358417
455,0.0,0.0,0.0,1.0,0.0,0.0,1.0,1.0,1.0,0.0,-0.00046215277777778105
456,1.0,0.0,0.0,1.0,0.0,0.0,1.0,1.0,1.0,0.0,-0.0014309027777777358
457,0.0,1.0,0.0,1.0,0.0,0.0,1.0,1.0,1.0,0.0,-0.0005638888888888512
458,1.0,1.0,0.0,1.0,0.0,0.0,1.0,1.0,1.0,0.0,-0.001299999999999914
459,0.0,0.0,1.0,1.0,0.0,0.0,1.0,1.0,1.0,0.0,-0.00035347222222224876
460,1.0,0.0,1.0,1.0,0.0,0.0,1.0,1.0,1.0,0.0,-0.0013829861111110853
461,0.0,1.0,1.0,1.0,0.0,0.0,1.0,1.0,1.0,0.0,-4.687500000003806e-05
462,1.0,1.0,1.0,1.0,0.0,0.0,1.0,1.0,1.0,0.0,-0.0003944444444444279
463,0.0,0.0,0.0,0.0,1.0,0.0,1.0,1.0,1.0,0.0,-0.00018437499999999146
464,1.0,0.0,0.0,0.0,1.0,0.0,1.0,1.0,1.0,0.0,-0.0012829861111110861
465,0.0,1.0,0.0,0.0,1.0,0.0,1.0,1.0,1.0,0.0,0.0004708333333333888
466,1.0,1.0,0.0,0.0,1.0,0.0,1.0,1.0,1.0,0.0,-0.0007555555555555175
467,0.0,0.0,1.0,0.0,1.0,0.0,1.0,1.0,1.0,0.0,0.0008864583333334125
468,1.0,0.0,1.0,0.0,1.0,0.0,1.0,1.0,1.0,0.0,-0.0006826388888888259
469,0.0,1.0,1.0,0.0,1.0,0.0,1.0,1.0,1.0,0.0,0.0009791666666660798
470,1.0,1.0,1.0,0.0,1.0,0.0,1.0,1.0,1.0,0.0,3.5763888888462046e-05
471,0.0,0.0,0.0,1.0,1.0,0.0,1.0,1.0,1.0,0.0,-4.236111111112163e-05
472,1.0,0.0,0.0,1.0,1.0,0.0,1.0,1.0,1.0,0.0,-0.001887499999999966
473,0.0,1.0,0.0,1.0,1.0,0.0,1.0,1.0,1.0,0.0,-0.0005722222222221523
474,1.0,1.0,0.0,1.0,1.0,0.0,1.0,1.0,1.0,0.0,-0.0014739583333332042
475,0.0,0.0,1.0,1.0,1.0,0.0,1.0,1.0,1.0,0.0,0.0009069444444444096
476,1.0,0.0,1.0,1.0,1.0,0.0,1.0,1.0,1.0,0.0,-0.0013427083333332637
477,0.0,1.0,1.0,1.0,1.0,0.0,1.0,1.0,1.0,0.0,0.0009239583333332241
478,1.0,1.0,1.0,1.0,1.0,0.0,1.0,1.0,1.0,0.0,0.0009513888888890165
479,0.0,0.0,0.0,0.0,0.0,1.0,1.0,1.0,1.0,0.0,0.0042923611111111365
480,1.0,0.0,0.0,0.0,0.0,1.0,1.0,1.0,1.0,0.0,-0.0008513888888888138
481,0.0,1.0,0.0,0.0,0.0,1.0,1.0,1.0,1.0,0.0,-0.0007743055555555104
482,1.0,1.0,0.0,0.0,0.0,1.0,1.0,1.0,1.0,0.0,-0.0017604166666665899
483,0.0,0.0,1.0,0.0,0.0,1.0,1.0,1.0,1.0,0.0,-0.0006524305555553389
484,1.0,0.0,1.0,0.0,0.0,1.0,1.0,1.0,1.0,0.0,-0.0010555555555554184
485,0.0,1.0,1.0,0.0,0.0,1.0,1.0,1.0,1.0,0.0,-0.0011628472222222409
486,1.0,1.0,1.0,0.0,0.0,1.0,1.0,1.0,1.0,0.0,-0.0013920138888884508
487,0.0,0.0,0.0,1.0,0.0,1.0,1.0,1.0,1.0,0.0,-0.0006645833333332948
488,1.0,0.0,0.0,1.0,0.0,1.0,1.0,1.0,1.0,0.0,-0.0015187499999998791
489,0.0,1.0,0.0,1.0,0.0,1.0,1.0,1.0,1.0,0.0,-0.001564930555555455
490,1.0,1.0,0.0,1.0,0.0,1.0,1.0,1.0,1.0,0.0,-0.0025145833333331796
491,0.0,0.0,1.0,1.0,0.0,1.0,1.0,1.0,1.0,0.0,-0.0013530753968252975
492,1.0,0.0,1.0,1.0,0.0,1.0,1.0,1.0,1.0,0.0,-0.001661408730158578
493,0.0,1.0,1.0,1.0,0.0,1.0,1.0,1.0,1.0,0.0,-0.002406894841269747
494,1.0,1.0,1.0,1.0,0.0,1.0,1.0,1.0,1.0,0.0,-0.0020714781746032918
495,0.0,0.0,0.0,0.0,1.0,1.0,1.0,1.0,1.0,0.0,-0.00034583333333330224
496,1.0,0.0,0.0,0.0,1.0,1.0,1.0,1.0,1.0,0.0,-0.00149583333333326
497,0.0,1.0,0.0,0.0,1.0,1.0,1.0,1.0,1.0,0.0,-0.0007979166666666168
498,1.0,1.0,0.0,0.0,1.0,1.0,1.0,1.0,1.0,0.0,-0.0026111111111110554
499,0.0,0.0,1.0,0.0,1.0,1.0,1.0,1.0,1.0,0.0,0.00014583333333371588
500,1.0,0.0,1.0,0.0,1.0,1.0,1.0,1.0,1.0,0.0,-0.00144791666666645
501,0.0,1.0,1.0,0.0,1.0,1.0,1.0,1.0,1.0,0.0,-0.0007506944444442374
502,1.0,1.0,1.0,0.0,1.0,1.0,1.0,1.0,1.0,0.0,-0.002560069444444013
503,0.0,0.0,0.0,1.0,1.0,1.0,1.0,1.0,1.0,0.0,-3.2291666666644096e-05
504,1.0,0.0,0.0,1.0,1.0,1.0,1.0,1.0,1.0,0.0,-0.0018291666666665572
505,0.0,1.0,0.0,1.0,1.0,1.0,1.0,1.0,1.0,0.0,-0.001994444444444282
506,1.0,1.0,0.0,1.0,1.0,1.0,1.0,1.0,1.0,0.0,-0.003618055555555312
507,0.0,0.0,1.0,1.0,1.0,1.0,1.0,1.0,1.0,0.0,-2.772817460313238e-05
508,1.0,0.0,1.0,1.0,1.0,1.0,1.0,1.0,1.0,0.0,-0.0019718253968252484
509,0.0,1.0,1.0,1.0,1.0,1.0,1.0,1.0,1.0,0.0,-0.0013443948412699574
510,1.0,1.0,1.0,1.0,1.0,1.0,1.0,1.0,1.0,0.0,-0.0025162698412698886
511,0.0,0.0,0.0,0.0,0.0,0.0,0.0,0.0,0.0,1.0,0.008069444444444452
512,1.0,0.0,0.0,0.0,0.0,0.0,0.0,0.0,0.0,1.0,-0.00018055555555554248
513,0.0,1.0,0.0,0.0,0.0,0.0,0.0,0.0,0.0,1.0,-0.0002374999999999957
514,1.0,1.0,0.0,0.0,0.0,0.0,0.0,0.0,0.0,1.0,-0.00016805555555555958
515,0.0,0.0,1.0,0.0,0.0,0.0,0.0,0.0,0.0,1.0,3.750000000003469e-05
516,1.0,0.0,1.0,0.0,0.0,0.0,0.0,0.0,0.0,1.0,-0.00013090277777775693
517,0.0,1.0,1.0,0.0,0.0,0.0,0.0,0.0,0.0,1.0,-6.979166666650204e-05
518,1.0,1.0,1.0,0.0,0.0,0.0,0.0,0.0,0.0,1.0,-0.00021736111111119743
519,0.0,0.0,0.0,1.0,0.0,0.0,0.0,0.0,0.0,1.0,-0.0003291666666666521
520,1.0,0.0,0.0,1.0,0.0,0.0,0.0,0.0,0.0,1.0,-0.0002822916666666437
521,0.0,1.0,0.0,1.0,0.0,0.0,0.0,0.0,0.0,1.0,-0.00039583333333331755
522,1.0,1.0,0.0,1.0,0.0,0.0,0.0,0.0,0.0,1.0,-0.0002621527777777555
523,0.0,0.0,1.0,1.0,0.0,0.0,0.0,0.0,0.0,1.0,-0.0002673611111110696
524,1.0,0.0,1.0,1.0,0.0,0.0,0.0,0.0,0.0,1.0,-0.0002812499999999727
525,0.0,1.0,1.0,1.0,0.0,0.0,0.0,0.0,0.0,1.0,-0.00038611111111105153
526,1.0,1.0,1.0,1.0,0.0,0.0,0.0,0.0,0.0,1.0,-0.0005006944444444173
527,1.0,0.0,0.0,0.0,1.0,0.0,0.0,0.0,0.0,1.0,-0.00018888888888887736
528,0.0,1.0,0.0,0.0,1.0,0.0,0.0,0.0,0.0,1.0,0.00033194444444442807
529,1.0,1.0,0.0,0.0,1.0,0.0,0.0,0.0,0.0,1.0,0.0002124999999999728
530,0.0,0.0,1.0,0.0,1.0,0.0,0.0,0.0,0.0,1.0,0.00017638888888892647
531,1.0,0.0,1.0,0.0,1.0,0.0,0.0,0.0,0.0,1.0,0.0001107638888889402
532,0.0,1.0,1.0,0.0,1.0,0.0,0.0,0.0,0.0,1.0,0.0009302083333330591
533,1.0,1.0,1.0,0.0,1.0,0.0,0.0,0.0,0.0,1.0,0.00058402777777852
534,0.0,0.0,0.0,1.0,1.0,0.0,0.0,0.0,0.0,1.0,-0.0004541666666666635
535,1.0,0.0,0.0,1.0,1.0,0.0,0.0,0.0,0.0,1.0,-0.00046180555555554664
536,0.0,1.0,0.0,1.0,1.0,0.0,0.0,0.0,0.0,1.0,-1.9444444444434742e-05
537,1.0,1.0,0.0,1.0,1.0,0.0,0.0,0.0,0.0,1.0,-2.6388888888885365e-05
538,0.0,0.0,1.0,1.0,1.0,0.0,0.0,0.0,0.0,1.0,-0.0005451388888888532
539,1.0,0.0,1.0,1.0,1.0,0.0,0.0,0.0,0.0,1.0,-0.00016909722222218564
540,0.0,1.0,1.0,1.0,1.0,0.0,0.0,0.0,0.0,1.0,0.00013090277777790538
541,1.0,1.0,1.0,1.0,1.0,0.0,0.0,0.0,0.0,1.0,-1.4583333333299018e-05
542,0.0,0.0,0.0,0.0,0.0,1.0,0.0,0.0,0.0,1.0,0.002749999999999999
543,1.0,0.0,0.0,0.0,0.0,1.0,0.0,0.0,0.0,1.0,-0.0004861111111111187
544,0.0,1.0,0.0,0.0,0.0,1.0,0.0,0.0,0.0,1.0,-0.0007270833333333464
545,1.0,1.0,0.0,0.0,0.0,1.0,0.0,0.0,0.0,1.0,-0.0008486111111111577
546,0.0,0.0,1.0,0.0,0.0,1.0,0.0,0.0,0.0,1.0,-0.00017777777777774157
547,1.0,0.0,1.0,0.0,0.0,1.0,0.0,0.0,0.0,1.0,-0.00042951388888891383
548,0.0,1.0,1.0,0.0,0.0,1.0,0.0,0.0,0.0,1.0,-0.0006218750000000895
549,1.0,1.0,1.0,0.0,0.0,1.0,0.0,0.0,0.0,1.0,-0.0009326388888888221
550,0.0,0.0,0.0,1.0,0.0,1.0,0.0,0.0,0.0,1.0,-0.000672222222222214
551,1.0,0.0,0.0,1.0,0.0,1.0,0.0,0.0,0.0,1.0,-0.0006809027777777593
552,0.0,1.0,0.0,1.0,0.0,1.0,0.0,0.0,0.0,1.0,-0.00108784722222221
553,1.0,1.0,0.0,1.0,0.0,1.0,0.0,0.0,0.0,1.0,-0.0011798611111111061
554,0.0,0.0,1.0,1.0,0.0,1.0,0.0,0.0,0.0,1.0,-0.0006451388888888216
555,1.0,0.0,1.0,1.0,0.0,1.0,0.0,0.0,0.0,1.0,-0.0004368055555555128
556,0.0,1.0,1.0,1.0,0.0,1.0,0.0,0.0,0.0,1.0,-0.001050347222222081
557,1.0,1.0,1.0,1.0,0.0,1.0,0.0,0.0,0.0,1.0,-0.0010850694444444419
558,0.0,0.0,0.0,0.0,1.0,1.0,0.0,0.0,0.0,1.0,-8.819444444444864e-05
559,1.0,0.0,0.0,0.0,1.0,1.0,0.0,0.0,0.0,1.0,-0.00034652777777778875
560,0.0,1.0,0.0,0.0,1.0,1.0,0.0,0.0,0.0,1.0,-0.0003152777777777783
561,1.0,1.0,0.0,0.0,1.0,1.0,0.0,0.0,0.0,1.0,-0.0005597222222222619
562,0.0,0.0,1.0,0.0,1.0,1.0,0.0,0.0,0.0,1.0,-2.8124999999943746e-05
563,1.0,0.0,1.0,0.0,1.0,1.0,0.0,0.0,0.0,1.0,-0.0001145833333333259
564,0.0,1.0,1.0,0.0,1.0,1.0,0.0,0.0,0.0,1.0,0.0002499999999999109
565,1.0,1.0,1.0,0.0,1.0,1.0,0.0,0.0,0.0,1.0,-0.00011701388888890252
566,0.0,0.0,0.0,1.0,1.0,1.0,0.0,0.0,0.0,1.0,-0.0007118055555555581
567,1.0,0.0,0.0,1.0,1.0,1.0,0.0,0.0,0.0,1.0,-0.0005875000000000048
568,0.0,1.0,0.0,1.0,1.0,1.0,0.0,0.0,0.0,1.0,-0.0010788194444443934
569,1.0,1.0,0.0,1.0,1.0,1.0,0.0,0.0,0.0,1.0,-0.0012704861111110842
570,0.0,0.0,1.0,1.0,1.0,1.0,0.0,0.0,0.0,1.0,-0.0006149305555554787
571,1.0,0.0,1.0,1.0,1.0,1.0,0.0,0.0,0.0,1.0,0.0004052083333334036
572,0.0,1.0,1.0,1.0,1.0,1.0,0.0,0.0,0.0,1.0,-0.0005114583333326978
573,1.0,1.0,1.0,1.0,1.0,1.0,0.0,0.0,0.0,1.0,-0.00023229166666637572
574,0.0,0.0,0.0,0.0,0.0,0.0,1.0,0.0,0.0,1.0,-0.00033993055555554537
575,1.0,0.0,0.0,0.0,0.0,0.0,1.0,0.0,0.0,1.0,-0.00024305555555553896
576,0.0,1.0,0.0,0.0,0.0,0.0,1.0,0.0,0.0,1.0,-8.437499999997255e-05
577,1.0,1.0,0.0,0.0,0.0,0.0,1.0,0.0,0.0,1.0,-0.0006854166666666567
578,0.0,0.0,1.0,0.0,0.0,0.0,1.0,0.0,0.0,1.0,0.00035034722222244204
579,1.0,0.0,1.0,0.0,0.0,0.0,1.0,0.0,0.0,1.0,-0.00024618055555557743
580,0.0,1.0,1.0,0.0,0.0,0.0,1.0,0.0,0.0,1.0,0.0005041666666665378
581,1.0,1.0,1.0,0.0,0.0,0.0,1.0,0.0,0.0,1.0,-0.0006166666666666908
582,0.0,0.0,0.0,1.0,0.0,0.0,1.0,0.0,0.0,1.0,-0.00014826388888886444
583,1.0,0.0,0.0,1.0,0.0,0.0,1.0,0.0,0.0,1.0,-0.0006729166666666326
584,0.0,1.0,0.0,1.0,0.0,0.0,1.0,0.0,0.0,1.0,-0.0003810019841269361
585,1.0,1.0,0.0,1.0,0.0,0.0,1.0,0.0,0.0,1.0,-0.001044543650793583
586,0.0,0.0,1.0,1.0,0.0,0.0,1.0,0.0,0.0,1.0,-9.166666666659038e-05
587,1.0,0.0,1.0,1.0,0.0,0.0,1.0,0.0,0.0,1.0,-0.0009104166666666393
588,0.0,1.0,1.0,1.0,0.0,0.0,1.0,0.0,0.0,1.0,0.0002613591269845695
589,1.0,1.0,1.0,1.0,0.0,0.0,1.0,0.0,0.0,1.0,-0.0010816964285711057
590,0.0,0.0,0.0,0.0,1.0,0.0,1.0,0.0,0.0,1.0,0.000278125000000017
591,1.0,0.0,0.0,0.0,1.0,0.0,1.0,0.0,0.0,1.0,-0.0003711805555555323
592,0.0,1.0,0.0,0.0,1.0,0.0,1.0,0.0,0.0,1.0,0.00035312500000003093
593,1.0,1.0,0.0,0.0,1.0,0.0,1.0,0.0,0.0,1.0,-0.0005913194444444448
594,0.0,0.0,1.0,0.0,1.0,0.0,1.0,0.0,0.0,1.0,0.0006107638888886563
595,1.0,0.0,1.0,0.0,1.0,0.0,1.0,0.0,0.0,1.0,-8.888888888872465e-05
596,0.0,1.0,1.0,0.0,1.0,0.0,1.0,0.0,0.0,1.0,0.0012645833333332214
597,1.0,1.0,1.0,0.0,1.0,0.0,1.0,0.0,0.0,1.0,-0.00029895833333332003
598,0.0,0.0,0.0,1.0,1.0,0.0,1.0,0.0,0.0,1.0,-0.00012465277777777052
599,1.0,0.0,0.0,1.0,1.0,0.0,1.0,0.0,0.0,1.0,-0.000832986111111101
600,0.0,1.0,0.0,1.0,1.0,0.0,1.0,0.0,0.0,1.0,-0.0001615575396825055
601,1.0,1.0,0.0,1.0,1.0,0.0,1.0,0.0,0.0,1.0,-0.0009577380952380533
602,0.0,0.0,1.0,1.0,1.0,0.0,1.0,0.0,0.0,1.0,-0.00045347222222216695
603,1.0,0.0,1.0,1.0,1.0,0.0,1.0,0.0,0.0,1.0,-0.0012156249999999635
604,0.0,1.0,1.0,1.0,1.0,0.0,1.0,0.0,0.0,1.0,0.00041517857143044885
605,1.0,1.0,1.0,1.0,1.0,0.0,1.0,0.0,0.0,1.0,-0.0008928075396816205
606,0.0,0.0,0.0,0.0,0.0,1.0,1.0,0.0,0.0,1.0,-0.0015052083333333454
607,1.0,0.0,0.0,0.0,0.0,1.0,1.0,0.0,0.0,1.0,-0.0004430555555555877
608,0.0,1.0,0.0,0.0,0.0,1.0,1.0,0.0,0.0,1.0,-0.0002864583333333442
609,1.0,1.0,0.0,0.0,0.0,1.0,1.0,0.0,0.0,1.0,-0.0014048611111112759
610,0.0,0.0,1.0,0.0,0.0,1.0,1.0,0.0,0.0,1.0,-8.576388888894598e-05
611,1.0,0.0,1.0,0.0,0.0,1.0,1.0,0.0,0.0,1.0,-0.0009406250000000071
612,0.0,1.0,1.0,0.0,0.0,1.0,1.0,0.0,0.0,1.0,-1.4583333333416232e-05
613,1.0,1.0,1.0,0.0,0.0,1.0,1.0,0.0,0.0,1.0,-0.002109027777777795
614,0.0,0.0,0.0,1.0,0.0,1.0,1.0,0.0,0.0,1.0,-0.0006107638888888761
615,1.0,0.0,0.0,1.0,0.0,1.0,1.0,0.0,0.0,1.0,-0.0006684027777777575
616,0.0,1.0,0.0,1.0,0.0,1.0,1.0,0.0,0.0,1.0,-0.0011591269841269348
617,1.0,1.0,0.0,1.0,0.0,1.0,1.0,0.0,0.0,1.0,-0.0016369047619047338
618,0.0,0.0,1.0,1.0,0.0,1.0,1.0,0.0,0.0,1.0,-0.0008944444444442386
619,1.0,0.0,1.0,1.0,0.0,1.0,1.0,0.0,0.0,1.0,-0.0008628472222221272
620,0.0,1.0,1.0,1.0,0.0,1.0,1.0,0.0,0.0,1.0,-0.0014514880952389004
621,1.0,1.0,1.0,1.0,0.0,1.0,1.0,0.0,0.0,1.0,-0.002601140873016164
622,0.0,0.0,0.0,0.0,1.0,1.0,1.0,0.0,0.0,1.0,8.02083333333903e-05
623,1.0,0.0,0.0,0.0,1.0,1.0,1.0,0.0,0.0,1.0,-0.000298263888888892
624,0.0,1.0,0.0,0.0,1.0,1.0,1.0,0.0,0.0,1.0,0.00043958333333438517
625,1.0,1.0,0.0,0.0,1.0,1.0,1.0,0.0,0.0,1.0,-0.0005291666666665734
626,0.0,0.0,1.0,0.0,1.0,1.0,1.0,0.0,0.0,1.0,-4.097222222228138e-05
627,1.0,0.0,1.0,0.0,1.0,1.0,1.0,0.0,0.0,1.0,-0.0013420138888889071
628,0.0,1.0,1.0,0.0,1.0,1.0,1.0,0.0,0.0,1.0,0.0010680555555554192
629,1.0,1.0,1.0,0.0,1.0,1.0,1.0,0.0,0.0,1.0,-0.0019440972222222951
630,0.0,0.0,0.0,1.0,1.0,1.0,1.0,0.0,0.0,1.0,-0.0006812499999999862
631,1.0,0.0,0.0,1.0,1.0,1.0,1.0,0.0,0.0,1.0,-0.0005211805555555565
632,0.0,1.0,0.0,1.0,1.0,1.0,1.0,0.0,0.0,1.0,-0.0010362103174601962
633,1.0,1.0,0.0,1.0,1.0,1.0,1.0,0.0,0.0,1.0,-0.0015316964285713756
634,0.0,0.0,1.0,1.0,1.0,1.0,1.0,0.0,0.0,1.0,-0.0015069444444440457
635,1.0,0.0,1.0,1.0,1.0,1.0,1.0,0.0,0.0,1.0,-0.0010774305555552603
636,0.0,1.0,1.0,1.0,1.0,1.0,1.0,0.0,0.0,1.0,-0.0016091269841277305
637,1.0,1.0,1.0,1.0,1.0,1.0,1.0,0.0,0.0,1.0,-0.0031049603174608726
638,0.0,0.0,0.0,0.0,0.0,0.0,0.0,1.0,0.0,1.0,-0.000388888888888893
639,1.0,0.0,0.0,0.0,0.0,0.0,0.0,1.0,0.0,1.0,-0.00044444444444443997
640,0.0,1.0,0.0,0.0,0.0,0.0,0.0,1.0,0.0,1.0,-9.861111111111099e-05
641,1.0,1.0,0.0,0.0,0.0,0.0,0.0,1.0,0.0,1.0,-0.0002027777777777795
642,0.0,0.0,1.0,0.0,0.0,0.0,0.0,1.0,0.0,1.0,0.00024722222222222333
643,1.0,0.0,1.0,0.0,0.0,0.0,0.0,1.0,0.0,1.0,-0.00018506944444441942
644,0.0,1.0,1.0,0.0,0.0,0.0,0.0,1.0,0.0,1.0,0.00025104166666669263
645,1.0,1.0,1.0,0.0,0.0,0.0,0.0,1.0,0.0,1.0,5.486111111111425e-05
646,0.0,0.0,0.0,1.0,0.0,0.0,0.0,1.0,0.0,1.0,-0.00032916666666664516
647,1.0,0.0,0.0,1.0,0.0,0.0,0.0,1.0,0.0,1.0,-0.0006017361111110889
648,0.0,1.0,0.0,1.0,0.0,0.0,0.0,1.0,0.0,1.0,-0.0003680555555555211
649,1.0,1.0,0.0,1.0,0.0,0.0,0.0,1.0,0.0,1.0,-1.909722222219149e-05
650,0.0,0.0,1.0,1.0,0.0,0.0,0.0,1.0,0.0,1.0,-5.416666666663862e-05
651,1.0,0.0,1.0,1.0,0.0,0.0,0.0,1.0,0.0,1.0,-0.0005385416666666272
652,0.0,1.0,1.0,1.0,0.0,0.0,0.0,1.0,0.0,1.0,-7.569444444436324e-05
653,1.0,1.0,1.0,1.0,0.0,0.0,0.0,1.0,0.0,1.0,-1.4930555555464724e-05
654,0.0,0.0,0.0,0.0,1.0,0.0,0.0,1.0,0.0,1.0,-0.0001805555555555708
655,1.0,0.0,0.0,0.0,1.0,0.0,0.0,1.0,0.0,1.0,-0.0005611111111111099
656,0.0,1.0,0.0,0.0,1.0,0.0,0.0,1.0,0.0,1.0,0.00046909722222221705
657,1.0,1.0,0.0,0.0,1.0,0.0,0.0,1.0,0.0,1.0,0.0004218750000000024
658,0.0,0.0,1.0,0.0,1.0,0.0,0.0,1.0,0.0,1.0,8.055555555555389e-05
659,1.0,0.0,1.0,0.0,1.0,0.0,0.0,1.0,0.0,1.0,-0.00014895833333324448
660,0.0,1.0,1.0,0.0,1.0,0.0,0.0,1.0,0.0,1.0,0.0011270833333320244
661,1.0,1.0,1.0,0.0,1.0,0.0,0.0,1.0,0.0,1.0,0.0010517361111118245
662,0.0,0.0,0.0,1.0,1.0,0.0,0.0,1.0,0.0,1.0,-0.0010357638888888957
663,1.0,0.0,0.0,1.0,1.0,0.0,0.0,1.0,0.0,1.0,-0.001012847222222235
664,0.0,1.0,0.0,1.0,1.0,0.0,0.0,1.0,0.0,1.0,-0.00019826388888885476
665,1.0,1.0,0.0,1.0,1.0,0.0,0.0,1.0,0.0,1.0,0.0005753472222222519
666,0.0,0.0,1.0,1.0,1.0,0.0,0.0,1.0,0.0,1.0,-0.0012989583333333217
667,1.0,0.0,1.0,1.0,1.0,0.0,0.0,1.0,0.0,1.0,-0.0009184027777776917
668,0.0,1.0,1.0,1.0,1.0,0.0,0.0,1.0,0.0,1.0,-4.0277777777578854e-05
669,1.0,1.0,1.0,1.0,1.0,0.0,0.0,1.0,0.0,1.0,0.0005451388888891138
670,0.0,0.0,0.0,0.0,0.0,1.0,0.0,1.0,0.0,1.0,0.004244444444444455
671,1.0,0.0,0.0,0.0,0.0,1.0,0.0,1.0,0.0,1.0,-0.0006861111111111095
672,0.0,1.0,0.0,0.0,0.0,1.0,0.0,1.0,0.0,1.0,-0.000274305555555543
673,1.0,1.0,0.0,0.0,0.0,1.0,0.0,1.0,0.0,1.0,-0.0007927083333333523
674,0.0,0.0,1.0,0.0,0.0,1.0,0.0,1.0,0.0,1.0,0.0002916666666667805
675,1.0,0.0,1.0,0.0,0.0,1.0,0.0,1.0,0.0,1.0,-0.00019618055555544885
676,0.0,1.0,1.0,0.0,0.0,1.0,0.0,1.0,0.0,1.0,0.00019479166666648852
677,1.0,1.0,1.0,0.0,0.0,1.0,0.0,1.0,0.0,1.0,-0.00010312500000005823
678,0.0,0.0,0.0,1.0,0.0,1.0,0.0,1.0,0.0,1.0,-0.0006361111111110772
679,1.0,0.0,0.0,1.0,0.0,1.0,0.0,1.0,0.0,1.0,-0.0010197916666666435
680,0.0,1.0,0.0,1.0,0.0,1.0,0.0,1.0,0.0,1.0,-0.0008815972222221725
681,1.0,1.0,0.0,1.0,0.0,1.0,0.0,1.0,0.0,1.0,-0.0009677083333333431
682,0.0,0.0,1.0,1.0,0.0,1.0,0.0,1.0,0.0,1.0,-0.00019404761904752484
683,1.0,0.0,1.0,1.0,0.0,1.0,0.0,1.0,0.0,1.0,-0.0003812003968253016
684,0.0,1.0,1.0,1.0,0.0,1.0,0.0,1.0,0.0,1.0,-0.0003180059523807016
685,1.0,1.0,1.0,1.0,0.0,1.0,0.0,1.0,0.0,1.0,-0.0001468253968252703
686,0.0,0.0,0.0,0.0,1.0,1.0,0.0,1.0,0.0,1.0,-0.00035416666666665585
687,1.0,0.0,0.0,0.0,1.0,1.0,0.0,1.0,0.0,1.0,-0.0010250000000000033
688,0.0,1.0,0.0,0.0,1.0,1.0,0.0,1.0,0.0,1.0,-0.00044756944444441685
689,1.0,1.0,0.0,0.0,1.0,1.0,0.0,1.0,0.0,1.0,-0.0011069444444444633
690,0.0,0.0,1.0,0.0,1.0,1.0,0.0,1.0,0.0,1.0,-2.743055555529108e-05
691,1.0,0.0,1.0,0.0,1.0,1.0,0.0,1.0,0.0,1.0,-0.000331944444444229
692,0.0,1.0,1.0,0.0,1.0,1.0,0.0,1.0,0.0,1.0,0.00045937499999984896
693,1.0,1.0,1.0,0.0,1.0,1.0,0.0,1.0,0.0,1.0,5.1388888888900253e-05
694,0.0,0.0,0.0,1.0,1.0,1.0,0.0,1.0,0.0,1.0,-0.0014760416666666537
695,1.0,0.0,0.0,1.0,1.0,1.0,0.0,1.0,0.0,1.0,-0.0016961805555555664
696,0.0,1.0,0.0,1.0,1.0,1.0,0.0,1.0,0.0,1.0,-0.0018874999999999164
697,1.0,1.0,0.0,1.0,1.0,1.0,0.0,1.0,0.0,1.0,-0.0021499999999999592
698,0.0,0.0,1.0,1.0,1.0,1.0,0.0,1.0,0.0,1.0,-0.0012152281746030497
699,1.0,0.0,1.0,1.0,1.0,1.0,0.0,1.0,0.0,1.0,-0.0002600198412696332
700,0.0,1.0,1.0,1.0,1.0,1.0,0.0,1.0,0.0,1.0,-0.0007402281746023643
701,1.0,1.0,1.0,1.0,1.0,1.0,0.0,1.0,0.0,1.0,-0.00047043650793578937
702,0.0,0.0,0.0,0.0,0.0,0.0,1.0,1.0,0.0,1.0,0.0015767361111111127
703,1.0,0.0,0.0,0.0,0.0,0.0,1.0,1.0,0.0,1.0,-0.0003819444444444287
704,0.0,1.0,0.0,0.0,0.0,0.0,1.0,1.0,0.0,1.0,5.312500000002276e-05
705,1.0,1.0,0.0,0.0,0.0,0.0,1.0,1.0,0.0,1.0,-0.0004965277777777296
706,0.0,0.0,1.0,0.0,0.0,0.0,1.0,1.0,0.0,1.0,0.0005100694444445025
707,1.0,0.0,1.0,0.0,0.0,0.0,1.0,1.0,0.0,1.0,-1.840277777785193e-05
708,0.0,1.0,1.0,0.0,0.0,0.0,1.0,1.0,0.0,1.0,0.0009833333333332233
709,1.0,1.0,1.0,0.0,0.0,0.0,1.0,1.0,0.0,1.0,0.00017986111111106153
710,0.0,0.0,0.0,1.0,0.0,0.0,1.0,1.0,0.0,1.0,-0.00012048611111106842
711,1.0,0.0,0.0,1.0,0.0,0.0,1.0,1.0,0.0,1.0,-0.0007562499999999532
712,0.0,1.0,0.0,1.0,0.0,0.0,1.0,1.0,0.0,1.0,-7.6835317460215e-05
713,1.0,1.0,0.0,1.0,0.0,0.0,1.0,1.0,0.0,1.0,-0.00029871031746019544
714,0.0,0.0,1.0,1.0,0.0,0.0,1.0,1.0,0.0,1.0,7.291666666672687e-05
715,1.0,0.0,1.0,1.0,0.0,0.0,1.0,1.0,0.0,1.0,-0.0009607638888888574
716,0.0,1.0,1.0,1.0,0.0,0.0,1.0,1.0,0.0,1.0,0.0008564980158734815
717,1.0,1.0,1.0,1.0,0.0,0.0,1.0,1.0,0.0,1.0,0.00024365079365115875
718,0.0,0.0,0.0,0.0,1.0,0.0,1.0,1.0,0.0,1.0,0.00015312500000001574
719,1.0,0.0,0.0,0.0,1.0,0.0,1.0,1.0,0.0,1.0,-0.0005767361111110736
720,0.0,1.0,0.0,0.0,1.0,0.0,1.0,1.0,0.0,1.0,0.0009055555555556702
721,1.0,1.0,0.0,0.0,1.0,0.0,1.0,1.0,0.0,1.0,-5.2777777777605924e-05
722,0.0,0.0,1.0,0.0,1.0,0.0,1.0,1.0,0.0,1.0,0.0007190972222214275
723,1.0,0.0,1.0,0.0,1.0,0.0,1.0,1.0,0.0,1.0,-1.1111111105992364e-05
724,0.0,1.0,1.0,0.0,1.0,0.0,1.0,1.0,0.0,1.0,0.002421180555555433
725,1.0,1.0,1.0,0.0,1.0,0.0,1.0,1.0,0.0,1.0,0.0011236111111110041
726,0.0,0.0,0.0,1.0,1.0,0.0,1.0,1.0,0.0,1.0,-0.0005083333333333256
727,1.0,0.0,0.0,1.0,1.0,0.0,1.0,1.0,0.0,1.0,-0.0008944444444444284
728,0.0,1.0,0.0,1.0,1.0,0.0,1.0,1.0,0.0,1.0,0.0004117063492064786
729,1.0,1.0,0.0,1.0,1.0,0.0,1.0,1.0,0.0,1.0,0.0007974702380954247
730,0.0,0.0,1.0,1.0,1.0,0.0,1.0,1.0,0.0,1.0,-0.0009704861111111089
731,1.0,0.0,1.0,1.0,1.0,0.0,1.0,1.0,0.0,1.0,-0.0015142361111109813
732,0.0,1.0,1.0,1.0,1.0,0.0,1.0,1.0,0.0,1.0,0.00177802579365239
733,1.0,1.0,1.0,1.0,1.0,0.0,1.0,1.0,0.0,1.0,0.001961359126985948
734,0.0,0.0,0.0,0.0,0.0,1.0,1.0,1.0,0.0,1.0,0.0021753472222222387
735,1.0,0.0,0.0,0.0,0.0,1.0,1.0,1.0,0.0,1.0,-0.001472569444444425
736,0.0,1.0,0.0,0.0,0.0,1.0,1.0,1.0,0.0,1.0,-1.0069444444363245e-05
737,1.0,1.0,0.0,0.0,0.0,1.0,1.0,1.0,0.0,1.0,-0.0024965277777777247
738,0.0,0.0,1.0,0.0,0.0,1.0,1.0,1.0,0.0,1.0,0.000419791666666409
739,1.0,0.0,1.0,0.0,0.0,1.0,1.0,1.0,0.0,1.0,-0.001015972222222418
740,0.0,1.0,1.0,0.0,0.0,1.0,1.0,1.0,0.0,1.0,0.0003885416666665423
741,1.0,1.0,1.0,0.0,0.0,1.0,1.0,1.0,0.0,1.0,-0.002489930555555587
742,0.0,0.0,0.0,1.0,0.0,1.0,1.0,1.0,0.0,1.0,-0.0005552083333332709
743,1.0,0.0,0.0,1.0,0.0,1.0,1.0,1.0,0.0,1.0,-0.00184513888888883
744,0.0,1.0,0.0,1.0,0.0,1.0,1.0,1.0,0.0,1.0,-0.0009639880952379434
745,1.0,1.0,0.0,1.0,0.0,1.0,1.0,1.0,0.0,1.0,-0.002809821428571351
746,0.0,0.0,1.0,1.0,0.0,1.0,1.0,1.0,0.0,1.0,3.511904761936274e-05
747,1.0,0.0,1.0,1.0,0.0,1.0,1.0,1.0,0.0,1.0,-0.0009332837301585295
748,0.0,1.0,1.0,1.0,0.0,1.0,1.0,1.0,0.0,1.0,-0.00046949404762107255
749,1.0,1.0,1.0,1.0,0.0,1.0,1.0,1.0,0.0,1.0,-0.0027267857142862662
750,0.0,0.0,0.0,0.0,1.0,1.0,1.0,1.0,0.0,1.0,-0.00045798611111101206
751,1.0,0.0,0.0,0.0,1.0,1.0,1.0,1.0,0.0,1.0,-0.0020881944444443674
752,0.0,1.0,0.0,0.0,1.0,1.0,1.0,1.0,0.0,1.0,0.0009364583333343448
753,1.0,1.0,0.0,0.0,1.0,1.0,1.0,1.0,0.0,1.0,-0.0020961805555548135
754,0.0,0.0,1.0,0.0,1.0,1.0,1.0,1.0,0.0,1.0,6.666666666643671e-05
755,1.0,0.0,1.0,0.0,1.0,1.0,1.0,1.0,0.0,1.0,-0.002163888888889104
756,0.0,1.0,1.0,0.0,1.0,1.0,1.0,1.0,0.0,1.0,0.0021590277777776092
757,1.0,1.0,1.0,0.0,1.0,1.0,1.0,1.0,0.0,1.0,-0.0029395833333334133
758,0.0,0.0,0.0,1.0,1.0,1.0,1.0,1.0,0.0,1.0,-0.0013184027777777237
759,1.0,0.0,0.0,1.0,1.0,1.0,1.0,1.0,0.0,1.0,-0.002236458333333274
760,0.0,1.0,0.0,1.0,1.0,1.0,1.0,1.0,0.0,1.0,-0.0006066964285711635
761,1.0,1.0,0.0,1.0,1.0,1.0,1.0,1.0,0.0,1.0,-0.0023525297619045008
762,0.0,0.0,1.0,1.0,1.0,1.0,1.0,1.0,0.0,1.0,-0.0010197420634914741
763,1.0,0.0,1.0,1.0,1.0,1.0,1.0,1.0,0.0,1.0,-0.0015516865079357727
764,0.0,1.0,1.0,1.0,1.0,1.0,1.0,1.0,0.0,1.0,0.0010589781746018804
765,1.0,1.0,1.0,1.0,1.0,1.0,1.0,1.0,0.0,1.0,-0.0019312996031759394
766,0.0,0.0,0.0,0.0,0.0,0.0,0.0,0.0,1.0,1.0,0.003926388888888887
767,1.0,0.0,0.0,0.0,0.0,0.0,0.0,0.0,1.0,1.0,-0.0001986111111111088
768,0.0,1.0,0.0,0.0,0.0,0.0,0.0,0.0,1.0,1.0,-0.0002805555555555685
769,1.0,1.0,0.0,0.0,0.0,0.0,0.0,0.0,1.0,1.0,-0.00021111111111113304
770,0.0,0.0,1.0,0.0,0.0,0.0,0.0,0.0,1.0,1.0,0.00011666666666668653
771,1.0,0.0,1.0,0.0,0.0,0.0,0.0,0.0,1.0,1.0,6.979166666668304e-05
772,0.0,1.0,1.0,0.0,0.0,0.0,0.0,0.0,1.0,1.0,0.0002906249999999881
773,1.0,1.0,1.0,0.0,0.0,0.0,0.0,0.0,1.0,1.0,2.8472222222191574e-05
774,0.0,0.0,0.0,1.0,0.0,0.0,0.0,0.0,1.0,1.0,-0.0005416666666666627
775,1.0,0.0,0.0,1.0,0.0,0.0,0.0,0.0,1.0,1.0,-0.00032291666666665284
776,0.0,1.0,0.0,1.0,0.0,0.0,0.0,0.0,1.0,1.0,-0.0003972222222222217
777,1.0,1.0,0.0,1.0,0.0,0.0,0.0,0.0,1.0,1.0,-0.0003569444444444491
778,0.0,0.0,1.0,1.0,0.0,0.0,0.0,0.0,1.0,1.0,-9.513888888889147e-05
779,1.0,0.0,1.0,1.0,0.0,0.0,0.0,0.0,1.0,1.0,7.465277777778237e-05
780,0.0,1.0,1.0,1.0,0.0,0.0,0.0,0.0,1.0,1.0,2.0833333333115973e-06
781,1.0,1.0,1.0,1.0,0.0,0.0,0.0,0.0,1.0,1.0,-0.00037465277777781167
782,0.0,0.0,0.0,0.0,1.0,0.0,0.0,0.0,1.0,1.0,-0.00013437500000000133
783,1.0,0.0,0.0,0.0,1.0,0.0,0.0,0.0,1.0,1.0,-3.159722222221421e-05
784,0.0,1.0,0.0,0.0,1.0,0.0,0.0,0.0,1.0,1.0,0.000410069444444423
785,1.0,1.0,0.0,0.0,1.0,0.0,0.0,0.0,1.0,1.0,0.0005406249999999762
786,0.0,0.0,1.0,0.0,1.0,0.0,0.0,0.0,1.0,1.0,0.00036701388888893524
787,1.0,0.0,1.0,0.0,1.0,0.0,0.0,0.0,1.0,1.0,0.0008847222222222972
788,0.0,1.0,1.0,0.0,1.0,0.0,0.0,0.0,1.0,1.0,0.0016395833333333503
789,1.0,1.0,1.0,0.0,1.0,0.0,0.0,0.0,1.0,1.0,0.0018767361111111617
790,0.0,0.0,0.0,1.0,1.0,0.0,0.0,0.0,1.0,1.0,-0.0006923611111111108
791,1.0,0.0,0.0,1.0,1.0,0.0,0.0,0.0,1.0,1.0,-0.0004031250000000024
792,0.0,1.0,0.0,1.0,1.0,0.0,0.0,0.0,1.0,1.0,-5.72916666666639e-05
793,1.0,1.0,0.0,1.0,1.0,0.0,0.0,0.0,1.0,1.0,0.00012013888888888301
794,0.0,0.0,1.0,1.0,1.0,0.0,0.0,0.0,1.0,1.0,-0.0001722222222222164
795,1.0,0.0,1.0,1.0,1.0,0.0,0.0,0.0,1.0,1.0,0.0011090277777777904
796,0.0,1.0,1.0,1.0,1.0,0.0,0.0,0.0,1.0,1.0,0.0008909722222222303
797,1.0,1.0,1.0,1.0,1.0,0.0,0.0,0.0,1.0,1.0,0.0014131944444444274
798,0.0,0.0,0.0,0.0,0.0,1.0,0.0,0.0,1.0,1.0,0.008768055555555552
799,1.0,0.0,0.0,0.0,0.0,1.0,0.0,0.0,1.0,1.0,-0.0005319444444444411
800,0.0,1.0,0.0,0.0,0.0,1.0,0.0,0.0,1.0,1.0,-0.001062152777777808
801,1.0,1.0,0.0,0.0,0.0,1.0,0.0,0.0,1.0,1.0,-0.0010027777777778023
802,0.0,0.0,1.0,0.0,0.0,1.0,0.0,0.0,1.0,1.0,-0.0003638888888888506
803,1.0,0.0,1.0,0.0,0.0,1.0,0.0,0.0,1.0,1.0,-0.0005371527777777423
804,0.0,1.0,1.0,0.0,0.0,1.0,0.0,0.0,1.0,1.0,-0.0011673611111111643
805,1.0,1.0,1.0,0.0,0.0,1.0,0.0,0.0,1.0,1.0,-0.0016940972222222745
806,0.0,0.0,0.0,1.0,0.0,1.0,0.0,0.0,1.0,1.0,-0.0010569444444444283
807,1.0,0.0,0.0,1.0,0.0,1.0,0.0,0.0,1.0,1.0,-0.000895138888888855
808,0.0,1.0,0.0,1.0,0.0,1.0,0.0,0.0,1.0,1.0,-0.0013812499999999888
809,1.0,1.0,0.0,1.0,0.0,1.0,0.0,0.0,1.0,1.0,-0.0013874999999999818
810,0.0,0.0,1.0,1.0,0.0,1.0,0.0,0.0,1.0,1.0,-0.0009354166666666374
811,1.0,0.0,1.0,1.0,0.0,1.0,0.0,0.0,1.0,1.0,-0.0007517361111110714
812,0.0,1.0,1.0,1.0,0.0,1.0,0.0,0.0,1.0,1.0,-0.0014041666666666556
813,1.0,1.0,1.0,1.0,0.0,1.0,0.0,0.0,1.0,1.0,-0.002337500000000042
814,0.0,0.0,0.0,0.0,1.0,1.0,0.0,0.0,1.0,1.0,-0.00026284722222222004
815,1.0,0.0,0.0,0.0,1.0,1.0,0.0,0.0,1.0,1.0,-0.0003663194444444488
816,0.0,1.0,0.0,0.0,1.0,1.0,0.0,0.0,1.0,1.0,-0.0009145833333333646
817,1.0,1.0,0.0,0.0,1.0,1.0,0.0,0.0,1.0,1.0,-0.0006149305555555942
818,0.0,0.0,1.0,0.0,1.0,1.0,0.0,0.0,1.0,1.0,-0.0002763888888887953
819,1.0,0.0,1.0,0.0,1.0,1.0,0.0,0.0,1.0,1.0,-7.361111111102791e-05
820,0.0,1.0,1.0,0.0,1.0,1.0,0.0,0.0,1.0,1.0,-0.00027638888888881056
821,1.0,1.0,1.0,0.0,1.0,1.0,0.0,0.0,1.0,1.0,-0.00015694444444427683
822,0.0,0.0,0.0,1.0,1.0,1.0,0.0,0.0,1.0,1.0,-0.0009486111111111131
823,1.0,0.0,0.0,1.0,1.0,1.0,0.0,0.0,1.0,1.0,-0.0008392361111111297
824,0.0,1.0,0.0,1.0,1.0,1.0,0.0,0.0,1.0,1.0,-0.0017534722222221836
825,1.0,1.0,0.0,1.0,1.0,1.0,0.0,0.0,1.0,1.0,-0.0017163194444444248
826,0.0,0.0,1.0,1.0,1.0,1.0,0.0,0.0,1.0,1.0,-0.0006697916666666398
827,1.0,0.0,1.0,1.0,1.0,1.0,0.0,0.0,1.0,1.0,0.0004225694444444592
828,0.0,1.0,1.0,1.0,1.0,1.0,0.0,0.0,1.0,1.0,-0.00047708333333322685
829,1.0,1.0,1.0,1.0,1.0,1.0,0.0,0.0,1.0,1.0,-0.0009489583333333346
830,0.0,0.0,0.0,0.0,0.0,0.0,1.0,0.0,1.0,1.0,-0.0006274305555555552
831,1.0,0.0,0.0,0.0,0.0,0.0,1.0,0.0,1.0,1.0,-0.00012604166666665723
832,0.0,1.0,0.0,0.0,0.0,0.0,1.0,0.0,1.0,1.0,-0.0003291666666666848
833,1.0,1.0,0.0,0.0,0.0,0.0,1.0,0.0,1.0,1.0,-0.0005118055555555831
834,0.0,0.0,1.0,0.0,0.0,0.0,1.0,0.0,1.0,1.0,0.00030034722222223846
835,1.0,0.0,1.0,0.0,0.0,0.0,1.0,0.0,1.0,1.0,0.00010486111111109309
836,0.0,1.0,1.0,0.0,0.0,0.0,1.0,0.0,1.0,1.0,0.0005253472222221611
837,1.0,1.0,1.0,0.0,0.0,0.0,1.0,0.0,1.0,1.0,-0.0001822916666668419
838,0.0,0.0,0.0,1.0,0.0,0.0,1.0,0.0,1.0,1.0,-0.0007552083333333185
839,1.0,0.0,0.0,1.0,0.0,0.0,1.0,0.0,1.0,1.0,-0.000719097222222184
840,0.0,1.0,0.0,1.0,0.0,0.0,1.0,0.0,1.0,1.0,-0.00108239087301584
841,1.0,1.0,0.0,1.0,0.0,0.0,1.0,0.0,1.0,1.0,-0.0013063492063491691
842,0.0,0.0,1.0,1.0,0.0,0.0,1.0,0.0,1.0,1.0,-0.0003958333333333285
843,1.0,0.0,1.0,1.0,0.0,0.0,1.0,0.0,1.0,1.0,-0.0004892361111111208
844,0.0,1.0,1.0,1.0,0.0,0.0,1.0,0.0,1.0,1.0,-0.00037266865079363636
845,1.0,1.0,1.0,1.0,0.0,0.0,1.0,0.0,1.0,1.0,-0.0012202380952381364
846,0.0,0.0,0.0,0.0,1.0,0.0,1.0,0.0,1.0,1.0,-0.0001520833333333173
847,1.0,0.0,0.0,0.0,1.0,0.0,1.0,0.0,1.0,1.0,-0.0002718749999999595
848,0.0,1.0,0.0,0.0,1.0,0.0,1.0,0.0,1.0,1.0,-1.0416666666704346e-05
849,1.0,1.0,0.0,0.0,1.0,0.0,1.0,0.0,1.0,1.0,-0.0004184027777777934
850,0.0,0.0,1.0,0.0,1.0,0.0,1.0,0.0,1.0,1.0,0.0008125000000000844
851,1.0,0.0,1.0,0.0,1.0,0.0,1.0,0.0,1.0,1.0,0.0008229166666667353
852,0.0,1.0,1.0,0.0,1.0,0.0,1.0,0.0,1.0,1.0,0.0014920138888886924
853,1.0,1.0,1.0,0.0,1.0,0.0,1.0,0.0,1.0,1.0,0.0009631944444445136
854,0.0,0.0,0.0,1.0,1.0,0.0,1.0,0.0,1.0,1.0,-0.0007003472222222095
855,1.0,0.0,0.0,1.0,1.0,0.0,1.0,0.0,1.0,1.0,-0.0009381944444443957
856,0.0,1.0,0.0,1.0,1.0,0.0,1.0,0.0,1.0,1.0,-0.0012209325396825097
857,1.0,1.0,0.0,1.0,1.0,0.0,1.0,0.0,1.0,1.0,-0.0015792658730157973
858,0.0,0.0,1.0,1.0,1.0,0.0,1.0,0.0,1.0,1.0,-0.00020138888888886474
859,1.0,0.0,1.0,1.0,1.0,0.0,1.0,0.0,1.0,1.0,0.0005180555555556099
860,0.0,1.0,1.0,1.0,1.0,0.0,1.0,0.0,1.0,1.0,0.00017351190476194857
861,1.0,1.0,1.0,1.0,1.0,0.0,1.0,0.0,1.0,1.0,0.00044330357142871043
862,0.0,0.0,0.0,0.0,0.0,1.0,1.0,0.0,1.0,1.0,-0.000350347222222239
863,1.0,0.0,0.0,0.0,0.0,1.0,1.0,0.0,1.0,1.0,-0.00019062499999999576
864,0.0,1.0,0.0,0.0,0.0,1.0,1.0,0.0,1.0,1.0,-0.000703125000000114
865,1.0,1.0,0.0,0.0,0.0,1.0,1.0,0.0,1.0,1.0,-0.0009902777777778624
866,0.0,0.0,1.0,0.0,0.0,1.0,1.0,0.0,1.0,1.0,-0.0006729166666666107
867,1.0,0.0,1.0,0.0,0.0,1.0,1.0,0.0,1.0,1.0,-0.0013868055555554463
868,0.0,1.0,1.0,0.0,0.0,1.0,1.0,0.0,1.0,1.0,-0.0011239583333327511
869,1.0,1.0,1.0,0.0,0.0,1.0,1.0,0.0,1.0,1.0,-0.00300451388888846
870,0.0,0.0,0.0,1.0,0.0,1.0,1.0,0.0,1.0,1.0,-0.0012475694444444303
871,1.0,0.0,0.0,1.0,0.0,1.0,1.0,0.0,1.0,1.0,-0.0006555555555555053
872,0.0,1.0,0.0,1.0,0.0,1.0,1.0,0.0,1.0,1.0,-0.002087946428571435
873,1.0,1.0,0.0,1.0,0.0,1.0,1.0,0.0,1.0,1.0,-0.0017289186507936575
874,0.0,0.0,1.0,1.0,0.0,1.0,1.0,0.0,1.0,1.0,-0.00175937499999996
875,1.0,0.0,1.0,1.0,0.0,1.0,1.0,0.0,1.0,1.0,-0.0014815972222222108
876,0.0,1.0,1.0,1.0,0.0,1.0,1.0,0.0,1.0,1.0,-0.0028494047619048706
877,1.0,1.0,1.0,1.0,0.0,1.0,1.0,0.0,1.0,1.0,-0.004423710317460686
878,0.0,0.0,0.0,0.0,1.0,1.0,1.0,0.0,1.0,1.0,9.930555555556387e-05
879,1.0,0.0,0.0,0.0,1.0,1.0,1.0,0.0,1.0,1.0,0.00031840277777778073
880,0.0,1.0,0.0,0.0,1.0,1.0,1.0,0.0,1.0,1.0,-0.00017569444444461704
881,1.0,1.0,0.0,0.0,1.0,1.0,1.0,0.0,1.0,1.0,8.819444444425354e-05
882,0.0,0.0,1.0,0.0,1.0,1.0,1.0,0.0,1.0,1.0,-8.99305555553339e-05
883,1.0,0.0,1.0,0.0,1.0,1.0,1.0,0.0,1.0,1.0,-0.0009159722222220966
884,0.0,1.0,1.0,0.0,1.0,1.0,1.0,0.0,1.0,1.0,0.0003361111111114385
885,1.0,1.0,1.0,0.0,1.0,1.0,1.0,0.0,1.0,1.0,-0.0017406249999997422
886,0.0,0.0,0.0,1.0,1.0,1.0,1.0,0.0,1.0,1.0,-0.0006843750000000145
887,1.0,0.0,0.0,1.0,1.0,1.0,1.0,0.0,1.0,1.0,-0.00016249999999997993
888,0.0,1.0,0.0,1.0,1.0,1.0,1.0,0.0,1.0,1.0,-0.0023362103174603267
889,1.0,1.0,0.0,1.0,1.0,1.0,1.0,0.0,1.0,1.0,-0.001976835317460327
890,0.0,0.0,1.0,1.0,1.0,1.0,1.0,0.0,1.0,1.0,-0.0010906250000000046
891,1.0,0.0,1.0,1.0,1.0,1.0,1.0,0.0,1.0,1.0,2.986111111112422e-05
892,0.0,1.0,1.0,1.0,1.0,1.0,1.0,0.0,1.0,1.0,-0.0018254464285715902
893,1.0,1.0,1.0,1.0,1.0,1.0,1.0,0.0,1.0,1.0,-0.0036032242063495333
894,0.0,0.0,0.0,0.0,0.0,0.0,0.0,1.0,1.0,1.0,-0.002156944444444456
895,1.0,0.0,0.0,0.0,0.0,0.0,0.0,1.0,1.0,1.0,-0.00045729166666666894
896,0.0,1.0,0.0,0.0,0.0,0.0,0.0,1.0,1.0,1.0,-0.00018888888888890848
897,1.0,1.0,0.0,0.0,0.0,0.0,0.0,1.0,1.0,1.0,-0.00020451388888889413
898,0.0,0.0,1.0,0.0,0.0,0.0,0.0,1.0,1.0,1.0,0.0005190972222222134
899,1.0,0.0,1.0,0.0,0.0,0.0,0.0,1.0,1.0,1.0,8.159722222222128e-05
900,0.0,1.0,1.0,0.0,0.0,0.0,0.0,1.0,1.0,1.0,0.0008402777777777346
901,1.0,1.0,1.0,0.0,0.0,0.0,0.0,1.0,1.0,1.0,0.0006250000000000064
902,0.0,0.0,0.0,1.0,0.0,0.0,0.0,1.0,1.0,1.0,-0.0007204861111111097
903,1.0,0.0,0.0,1.0,0.0,0.0,0.0,1.0,1.0,1.0,-0.0009729166666666626
904,0.0,1.0,0.0,1.0,0.0,0.0,0.0,1.0,1.0,1.0,-0.0005218749999999919
905,1.0,1.0,0.0,1.0,0.0,0.0,0.0,1.0,1.0,1.0,-0.00022361111111110298
906,0.0,0.0,1.0,1.0,0.0,0.0,0.0,1.0,1.0,1.0,0.0001232638888888583
907,1.0,0.0,1.0,1.0,0.0,0.0,0.0,1.0,1.0,1.0,-0.00022500000000001168
908,0.0,1.0,1.0,1.0,0.0,0.0,0.0,1.0,1.0,1.0,0.0003149305555555095
909,1.0,1.0,1.0,1.0,0.0,0.0,0.0,1.0,1.0,1.0,0.00043125000000000764
910,0.0,0.0,0.0,0.0,1.0,0.0,0.0,1.0,1.0,1.0,4.816468253967478e-05
911,1.0,0.0,0.0,0.0,1.0,0.0,0.0,1.0,1.0,1.0,-0.00021329365079365316
912,0.0,1.0,0.0,0.0,1.0,0.0,0.0,1.0,1.0,1.0,0.0009742063492063339
913,1.0,1.0,0.0,0.0,1.0,0.0,0.0,1.0,1.0,1.0,0.0010877480158730068
914,0.0,0.0,1.0,0.0,1.0,0.0,0.0,1.0,1.0,1.0,0.0008738591269841513
915,1.0,0.0,1.0,0.0,1.0,0.0,0.0,1.0,1.0,1.0,0.0005898313492064092
916,0.0,1.0,1.0,0.0,1.0,0.0,0.0,1.0,1.0,1.0,0.002294692460317458
917,1.0,1.0,1.0,0.0,1.0,0.0,0.0,1.0,1.0,1.0,0.002616220238095338
918,0.0,0.0,0.0,1.0,1.0,0.0,0.0,1.0,1.0,1.0,-0.00077579365079366
919,1.0,0.0,0.0,1.0,1.0,0.0,0.0,1.0,1.0,1.0,-0.0014747519841270202
920,0.0,1.0,0.0,1.0,1.0,0.0,0.0,1.0,1.0,1.0,-0.0003087797619047393
921,1.0,1.0,0.0,1.0,1.0,0.0,0.0,1.0,1.0,1.0,-0.00023759920634920477
922,0.0,0.0,1.0,1.0,1.0,0.0,0.0,1.0,1.0,1.0,-0.00012752976190477563
923,1.0,0.0,1.0,1.0,1.0,0.0,0.0,1.0,1.0,1.0,-2.3015873015852178e-05
924,0.0,1.0,1.0,1.0,1.0,0.0,0.0,1.0,1.0,1.0,0.0004130952380952545
925,1.0,1.0,1.0,1.0,1.0,0.0,0.0,1.0,1.0,1.0,0.0011575396825397604
926,0.0,0.0,0.0,0.0,0.0,1.0,0.0,1.0,1.0,1.0,0.00802812500000001
927,1.0,0.0,0.0,0.0,0.0,1.0,0.0,1.0,1.0,1.0,-0.0008951388888888675
928,0.0,1.0,0.0,0.0,0.0,1.0,0.0,1.0,1.0,1.0,-0.0003506944444444578
929,1.0,1.0,0.0,0.0,0.0,1.0,0.0,1.0,1.0,1.0,-0.0011868055555555271
930,0.0,0.0,1.0,0.0,0.0,1.0,0.0,1.0,1.0,1.0,0.0004805555555556423
931,1.0,0.0,1.0,0.0,0.0,1.0,0.0,1.0,1.0,1.0,-0.00045659722222211917
932,0.0,1.0,1.0,0.0,0.0,1.0,0.0,1.0,1.0,1.0,0.0004392361111111409
933,1.0,1.0,1.0,0.0,0.0,1.0,0.0,1.0,1.0,1.0,-0.0007833333333331699
934,0.0,0.0,0.0,1.0,0.0,1.0,0.0,1.0,1.0,1.0,-0.0012256944444444212
935,1.0,0.0,0.0,1.0,0.0,1.0,0.0,1.0,1.0,1.0,-0.0018718749999999615
936,0.0,1.0,0.0,1.0,0.0,1.0,0.0,1.0,1.0,1.0,-0.001155208333333301
937,1.0,1.0,0.0,1.0,0.0,1.0,0.0,1.0,1.0,1.0,-0.001958333333333292
938,0.0,0.0,1.0,1.0,0.0,1.0,0.0,1.0,1.0,1.0,-0.0004773809523809242
939,1.0,0.0,1.0,1.0,0.0,1.0,0.0,1.0,1.0,1.0,-0.001610019841269764
940,0.0,1.0,1.0,1.0,0.0,1.0,0.0,1.0,1.0,1.0,-7.703373015872316e-05
941,1.0,1.0,1.0,1.0,0.0,1.0,0.0,1.0,1.0,1.0,-0.0019624503968253266
942,0.0,0.0,0.0,0.0,1.0,1.0,0.0,1.0,1.0,1.0,-0.00024732142857140915
943,1.0,0.0,0.0,0.0,1.0,1.0,0.0,1.0,1.0,1.0,-0.0010935019841269713
944,0.0,1.0,0.0,0.0,1.0,1.0,0.0,1.0,1.0,1.0,-0.00015426587301587964
945,1.0,1.0,0.0,0.0,1.0,1.0,0.0,1.0,1.0,1.0,-0.0008223214285714226
946,0.0,0.0,1.0,0.0,1.0,1.0,0.0,1.0,1.0,1.0,0.00035649801587315393
947,1.0,0.0,1.0,0.0,1.0,1.0,0.0,1.0,1.0,1.0,-0.00040739087301575494
948,0.0,1.0,1.0,0.0,1.0,1.0,0.0,1.0,1.0,1.0,0.0011828869047620656
949,1.0,1.0,1.0,0.0,1.0,1.0,0.0,1.0,1.0,1.0,0.000945734126984426
950,0.0,0.0,0.0,1.0,1.0,1.0,0.0,1.0,1.0,1.0,-0.0010323908730158673
951,1.0,0.0,0.0,1.0,1.0,1.0,0.0,1.0,1.0,1.0,-0.0023723214285714515
952,0.0,1.0,0.0,1.0,1.0,1.0,0.0,1.0,1.0,1.0,-0.002054265873015802
953,1.0,1.0,0.0,1.0,1.0,1.0,0.0,1.0,1.0,1.0,-0.0036945436507935876
954,0.0,0.0,1.0,1.0,1.0,1.0,0.0,1.0,1.0,1.0,-0.0003170634920634585
955,1.0,0.0,1.0,1.0,1.0,1.0,0.0,1.0,1.0,1.0,-0.0009267857142856346
956,0.0,1.0,1.0,1.0,1.0,1.0,0.0,1.0,1.0,1.0,0.0003923115079366185
957,1.0,1.0,1.0,1.0,1.0,1.0,0.0,1.0,1.0,1.0,-0.0018490079365077513
958,0.0,0.0,0.0,0.0,0.0,0.0,1.0,1.0,1.0,1.0,0.0015809027777777649
959,1.0,0.0,0.0,0.0,0.0,0.0,1.0,1.0,1.0,1.0,-0.00043680555555555345
960,0.0,1.0,0.0,0.0,0.0,0.0,1.0,1.0,1.0,1.0,-0.0005097222222222329
961,1.0,1.0,0.0,0.0,0.0,0.0,1.0,1.0,1.0,1.0,-0.0002614583333333242
962,0.0,0.0,1.0,0.0,0.0,0.0,1.0,1.0,1.0,1.0,0.0003611111111110897
963,1.0,0.0,1.0,0.0,0.0,0.0,1.0,1.0,1.0,1.0,-0.00041736111111120584
964,0.0,1.0,1.0,0.0,0.0,0.0,1.0,1.0,1.0,1.0,0.0011569444444443297
965,1.0,1.0,1.0,0.0,0.0,0.0,1.0,1.0,1.0,1.0,0.0005586805555553537
966,0.0,0.0,0.0,1.0,0.0,0.0,1.0,1.0,1.0,1.0,-0.0011145833333333268
967,1.0,0.0,0.0,1.0,0.0,0.0,1.0,1.0,1.0,1.0,-0.0016538194444443996
968,0.0,1.0,0.0,1.0,0.0,0.0,1.0,1.0,1.0,1.0,-0.0008125992063491563
969,1.0,1.0,0.0,1.0,0.0,0.0,1.0,1.0,1.0,1.0,-0.0008271825396824434
970,0.0,0.0,1.0,1.0,0.0,0.0,1.0,1.0,1.0,1.0,-0.0005315972222222669
971,1.0,0.0,1.0,1.0,0.0,0.0,1.0,1.0,1.0,1.0,-0.0015500000000000201
972,0.0,1.0,1.0,1.0,0.0,0.0,1.0,1.0,1.0,1.0,0.0010790674603173838
973,1.0,1.0,1.0,1.0,0.0,0.0,1.0,1.0,1.0,1.0,0.0005044146825396629
974,0.0,0.0,0.0,0.0,1.0,0.0,1.0,1.0,1.0,1.0,-0.000328571428571415
975,1.0,0.0,0.0,0.0,1.0,0.0,1.0,1.0,1.0,1.0,-0.0009757936507936242
976,0.0,1.0,0.0,0.0,1.0,0.0,1.0,1.0,1.0,1.0,0.0006502480158730391
977,1.0,1.0,0.0,0.0,1.0,0.0,1.0,1.0,1.0,1.0,0.0002276785714286337
978,0.0,0.0,1.0,0.0,1.0,0.0,1.0,1.0,1.0,1.0,0.0010061507936508596
979,1.0,0.0,1.0,0.0,1.0,0.0,1.0,1.0,1.0,1.0,-0.00035669642857143885
980,0.0,1.0,1.0,0.0,1.0,0.0,1.0,1.0,1.0,1.0,0.0028797619047616326
981,1.0,1.0,1.0,0.0,1.0,0.0,1.0,1.0,1.0,1.0,0.0017856646825399082
982,0.0,0.0,0.0,1.0,1.0,0.0,1.0,1.0,1.0,1.0,-0.0013615575396825356
983,1.0,0.0,0.0,1.0,1.0,0.0,1.0,1.0,1.0,1.0,-0.0029278769841269326
984,0.0,1.0,0.0,1.0,1.0,0.0,1.0,1.0,1.0,1.0,-0.001108531746031633
985,1.0,1.0,0.0,1.0,1.0,0.0,1.0,1.0,1.0,1.0,-0.0009408234126982105
986,0.0,0.0,1.0,1.0,1.0,0.0,1.0,1.0,1.0,1.0,-0.00094280753968257
987,1.0,0.0,1.0,1.0,1.0,0.0,1.0,1.0,1.0,1.0,-0.0018084325396824697
988,0.0,1.0,1.0,1.0,1.0,0.0,1.0,1.0,1.0,1.0,0.0012192460317460463
989,1.0,1.0,1.0,1.0,1.0,0.0,1.0,1.0,1.0,1.0,0.0021057043650796843
990,0.0,0.0,0.0,0.0,0.0,1.0,1.0,1.0,1.0,1.0,0.002627777777777781
991,1.0,0.0,0.0,0.0,0.0,1.0,1.0,1.0,1.0,1.0,-0.0013687499999999668
992,0.0,1.0,0.0,0.0,0.0,1.0,1.0,1.0,1.0,1.0,-0.0006152777777778699
993,1.0,1.0,0.0,0.0,0.0,1.0,1.0,1.0,1.0,1.0,-0.002093402777777785
994,0.0,0.0,1.0,0.0,0.0,1.0,1.0,1.0,1.0,1.0,-0.0005711805555553217
995,1.0,0.0,1.0,0.0,0.0,1.0,1.0,1.0,1.0,1.0,-0.0023416666666665046
996,0.0,1.0,1.0,0.0,0.0,1.0,1.0,1.0,1.0,1.0,-0.0005986111111105458
997,1.0,1.0,1.0,0.0,0.0,1.0,1.0,1.0,1.0,1.0,-0.0033725694444436466
998,0.0,0.0,0.0,1.0,0.0,1.0,1.0,1.0,1.0,1.0,-0.0017677083333333045
999,1.0,0.0,0.0,1.0,0.0,1.0,1.0,1.0,1.0,1.0,-0.0024784722222221133
1000,0.0,1.0,0.0,1.0,0.0,1.0,1.0,1.0,1.0,1.0,-0.001811557539682517
1001,1.0,1.0,0.0,1.0,0.0,1.0,1.0,1.0,1.0,1.0,-0.002967113095238026
1002,0.0,0.0,1.0,1.0,0.0,1.0,1.0,1.0,1.0,1.0,-0.0019197420634919954
1003,1.0,0.0,1.0,1.0,0.0,1.0,1.0,1.0,1.0,1.0,-0.002711408730158568
1004,0.0,1.0,1.0,1.0,0.0,1.0,1.0,1.0,1.0,1.0,-0.0011149801587303154
1005,1.0,1.0,1.0,1.0,0.0,1.0,1.0,1.0,1.0,1.0,-0.0036639384920637273
1006,0.0,0.0,0.0,0.0,1.0,1.0,1.0,1.0,1.0,1.0,-0.0009664186507936066
1007,1.0,0.0,0.0,0.0,1.0,1.0,1.0,1.0,1.0,1.0,-0.002707738095238049
1008,0.0,1.0,0.0,0.0,1.0,1.0,1.0,1.0,1.0,1.0,0.0004901785714285025
1009,1.0,1.0,0.0,0.0,1.0,1.0,1.0,1.0,1.0,1.0,-0.0017823908730158866
1010,0.0,0.0,1.0,0.0,1.0,1.0,1.0,1.0,1.0,1.0,-0.0005393353174597559
1011,1.0,0.0,1.0,0.0,1.0,1.0,1.0,1.0,1.0,1.0,-0.004053918650793516
1012,0.0,1.0,1.0,0.0,1.0,1.0,1.0,1.0,1.0,1.0,0.0016304563492065926
1013,1.0,1.0,1.0,0.0,1.0,1.0,1.0,1.0,1.0,1.0,-0.003712599206348819
1014,0.0,0.0,0.0,1.0,1.0,1.0,1.0,1.0,1.0,1.0,-0.0016167658730158415
1015,1.0,0.0,0.0,1.0,1.0,1.0,1.0,1.0,1.0,1.0,-0.003179265873015753
1016,0.0,1.0,0.0,1.0,1.0,1.0,1.0,1.0,1.0,1.0,-0.0017248511904760877
1017,1.0,1.0,0.0,1.0,1.0,1.0,1.0,1.0,1.0,1.0,-0.0026422123015871096
1018,0.0,0.0,1.0,1.0,1.0,1.0,1.0,1.0,1.0,1.0,-0.0015937996031745198
1019,1.0,0.0,1.0,1.0,1.0,1.0,1.0,1.0,1.0,1.0,-0.002751091269841035
1020,0.0,1.0,1.0,1.0,1.0,1.0,1.0,1.0,1.0,1.0,0.0018668650793650416
1021,1.0,1.0,1.0,1.0,1.0,1.0,1.0,1.0,1.0,1.0,-0.0016182043650792566
