,1,2,3,4,5,6,7,8,9,10,1
0,0.0,0.0,0.0,0.0,0.0,0.0,0.0,0.0,0.0,0.0,-6.64
1,1.0,0.0,0.0,0.0,0.0,0.0,0.0,0.0,0.0,0.0,-3.86
2,0.0,1.0,0.0,0.0,0.0,0.0,0.0,0.0,0.0,0.0,-3.92
3,1.0,1.0,0.0,0.0,0.0,0.0,0.0,0.0,0.0,0.0,-2.09
4,0.0,0.0,1.0,0.0,0.0,0.0,0.0,0.0,0.0,0.0,-3.52
5,1.0,0.0,1.0,0.0,0.0,0.0,0.0,0.0,0.0,0.0,-2.45
6,0.0,1.0,1.0,0.0,0.0,0.0,0.0,0.0,0.0,0.0,-2.38
7,1.0,1.0,1.0,0.0,0.0,0.0,0.0,0.0,0.0,0.0,-1.26
8,0.0,0.0,0.0,1.0,0.0,0.0,0.0,0.0,0.0,0.0,-3.84
9,1.0,0.0,0.0,1.0,0.0,0.0,0.0,0.0,0.0,0.0,-2.35
10,0.0,1.0,0.0,1.0,0.0,0.0,0.0,0.0,0.0,0.0,-2.16
11,1.0,1.0,0.0,1.0,0.0,0.0,0.0,0.0,0.0,0.0,-1.16
12,0.0,0.0,1.0,1.0,0.0,0.0,0.0,0.0,0.0,0.0,-2.38
13,1.0,0.0,1.0,1.0,0.0,0.0,0.0,0.0,0.0,0.0,-1.11
14,0.0,1.0,1.0,1.0,0.0,0.0,0.0,0.0,0.0,0.0,-1.08
15,1.0,1.0,1.0,1.0,0.0,0.0,0.0,0.0,0.0,0.0,-0.988
16,0.0,0.0,0.0,0.0,1.0,0.0,0.0,0.0,0.0,0.0,-3.84
17,1.0,0.0,0.0,0.0,1.0,0.0,0.0,0.0,0.0,0.0,-2.17
18,0.0,1.0,0.0,0.0,1.0,0.0,0.0,0.0,0.0,0.0,-2.15
19,1.0,1.0,0.0,0.0,1.0,0.0,0.0,0.0,0.0,0.0,-1.37
20,0.0,0.0,1.0,0.0,1.0,0.0,0.0,0.0,0.0,0.0,-2.35
21,1.0,0.0,1.0,0.0,1.0,0.0,0.0,0.0,0.0,0.0,-1.12
22,0.0,1.0,1.0,0.0,1.0,0.0,0.0,0.0,0.0,0.0,-1.23
23,1.0,1.0,1.0,0.0,1.0,0.0,0.0,0.0,0.0,0.0,-0.718
24,0.0,0.0,0.0,1.0,1.0,0.0,0.0,0.0,0.0,0.0,-2.09
25,1.0,0.0,0.0,1.0,1.0,0.0,0.0,0.0,0.0,0.0,-1.26
26,0.0,1.0,0.0,1.0,1.0,0.0,0.0,0.0,0.0,0.0,-1.41
27,1.0,1.0,0.0,1.0,1.0,0.0,0.0,0.0,0.0,0.0,-0.784
28,0.0,0.0,1.0,1.0,1.0,0.0,0.0,0.0,0.0,0.0,-1.15
29,1.0,0.0,1.0,1.0,1.0,0.0,0.0,0.0,0.0,0.0,-0.858
30,0.0,1.0,1.0,1.0,1.0,0.0,0.0,0.0,0.0,0.0,-0.748
31,1.0,1.0,1.0,1.0,1.0,0.0,0.0,0.0,0.0,0.0,-0.293
32,0.0,0.0,0.0,0.0,0.0,1.0,0.0,0.0,0.0,0.0,-3.79
33,1.0,0.0,0.0,0.0,0.0,1.0,0.0,0.0,0.0,0.0,-2.27
34,0.0,1.0,0.0,0.0,0.0,1.0,0.0,0.0,0.0,0.0,-2.13
35,1.0,1.0,0.0,0.0,0.0,1.0,0.0,0.0,0.0,0.0,-1.25
36,0.0,0.0,1.0,0.0,0.0,1.0,0.0,0.0,0.0,0.0,-2.44
37,1.0,0.0,1.0,0.0,0.0,1.0,0.0,0.0,0.0,0.0,-1.02
38,0.0,1.0,1.0,0.0,0.0,1.0,0.0,0.0,0.0,0.0,-1.18
39,1.0,1.0,1.0,0.0,0.0,1.0,0.0,0.0,0.0,0.0,-0.807
40,0.0,0.0,0.0,1.0,0.0,1.0,0.0,0.0,0.0,0.0,-2.23
41,1.0,0.0,0.0,1.0,0.0,1.0,0.0,0.0,0.0,0.0,-1.19
42,0.0,1.0,0.0,1.0,0.0,1.0,0.0,0.0,0.0,0.0,-1.33
43,1.0,1.0,0.0,1.0,0.0,1.0,0.0,0.0,0.0,0.0,-0.676
44,0.0,0.0,1.0,1.0,0.0,1.0,0.0,0.0,0.0,0.0,-1.08
45,1.0,0.0,1.0,1.0,0.0,1.0,0.0,0.0,0.0,0.0,-0.664
46,0.0,1.0,1.0,1.0,0.0,1.0,0.0,0.0,0.0,0.0,-0.761
47,1.0,1.0,1.0,1.0,0.0,1.0,0.0,0.0,0.0,0.0,-0.466
48,0.0,0.0,0.0,0.0,1.0,1.0,0.0,0.0,0.0,0.0,-2.11
49,1.0,0.0,0.0,0.0,1.0,1.0,0.0,0.0,0.0,0.0,-1.28
50,0.0,1.0,0.0,0.0,1.0,1.0,0.0,0.0,0.0,0.0,-1.38
51,1.0,1.0,0.0,0.0,1.0,1.0,0.0,0.0,0.0,0.0,-0.697
52,0.0,0.0,1.0,0.0,1.0,1.0,0.0,0.0,0.0,0.0,-1.06
53,1.0,0.0,1.0,0.0,1.0,1.0,0.0,0.0,0.0,0.0,-0.911
54,0.0,1.0,1.0,0.0,1.0,1.0,0.0,0.0,0.0,0.0,-0.829
55,1.0,1.0,1.0,0.0,1.0,1.0,0.0,0.0,0.0,0.0,-0.306
56,0.0,0.0,0.0,1.0,1.0,1.0,0.0,0.0,0.0,0.0,-1.43
57,1.0,0.0,0.0,1.0,1.0,1.0,0.0,0.0,0.0,0.0,-0.793
58,0.0,1.0,0.0,1.0,1.0,1.0,0.0,0.0,0.0,0.0,-0.492
59,1.0,1.0,0.0,1.0,1.0,1.0,0.0,0.0,0.0,0.0,-0.44
60,0.0,0.0,1.0,1.0,1.0,1.0,0.0,0.0,0.0,0.0,-0.79
61,1.0,0.0,1.0,1.0,1.0,1.0,0.0,0.0,0.0,0.0,-0.418
62,0.0,1.0,1.0,1.0,1.0,1.0,0.0,0.0,0.0,0.0,-0.331
63,1.0,1.0,1.0,1.0,1.0,1.0,0.0,0.0,0.0,0.0,-0.442
64,0.0,0.0,0.0,0.0,0.0,0.0,1.0,0.0,0.0,0.0,-3.81
65,1.0,0.0,0.0,0.0,0.0,0.0,1.0,0.0,0.0,0.0,-2.06
66,0.0,1.0,0.0,0.0,0.0,0.0,1.0,0.0,0.0,0.0,-2.15
67,1.0,1.0,0.0,0.0,0.0,0.0,1.0,0.0,0.0,0.0,-1.36
68,0.0,0.0,1.0,0.0,0.0,0.0,1.0,0.0,0.0,0.0,-2.34
69,1.0,0.0,1.0,0.0,0.0,0.0,1.0,0.0,0.0,0.0,-1.18
70,0.0,1.0,1.0,0.0,0.0,0.0,1.0,0.0,0.0,0.0,-1.25
71,1.0,1.0,1.0,0.0,0.0,0.0,1.0,0.0,0.0,0.0,-0.796
72,0.0,0.0,0.0,1.0,0.0,0.0,1.0,0.0,0.0,0.0,-2.11
73,1.0,0.0,0.0,1.0,0.0,0.0,1.0,0.0,0.0,0.0,-1.31
74,0.0,1.0,0.0,1.0,0.0,0.0,1.0,0.0,0.0,0.0,-1.46
75,1.0,1.0,0.0,1.0,0.0,0.0,1.0,0.0,0.0,0.0,-0.773
76,0.0,0.0,1.0,1.0,0.0,0.0,1.0,0.0,0.0,0.0,-1.26
77,1.0,0.0,1.0,1.0,0.0,0.0,1.0,0.0,0.0,0.0,-0.903
78,0.0,1.0,1.0,1.0,0.0,0.0,1.0,0.0,0.0,0.0,-0.774
79,1.0,1.0,1.0,1.0,0.0,0.0,1.0,0.0,0.0,0.0,0.259
80,0.0,0.0,0.0,0.0,1.0,0.0,1.0,0.0,0.0,0.0,-2.11
81,1.0,0.0,0.0,0.0,1.0,0.0,1.0,0.0,0.0,0.0,-1.5
82,0.0,1.0,0.0,0.0,1.0,0.0,1.0,0.0,0.0,0.0,-1.26
83,1.0,1.0,0.0,0.0,1.0,0.0,1.0,0.0,0.0,0.0,-0.778
84,0.0,0.0,1.0,0.0,1.0,0.0,1.0,0.0,0.0,0.0,-1.4
85,1.0,0.0,1.0,0.0,1.0,0.0,1.0,0.0,0.0,0.0,-0.762
86,0.0,1.0,1.0,0.0,1.0,0.0,1.0,0.0,0.0,0.0,-0.778
87,1.0,1.0,1.0,0.0,1.0,0.0,1.0,0.0,0.0,0.0,-0.305
88,0.0,0.0,0.0,1.0,1.0,0.0,1.0,0.0,0.0,0.0,-1.54
89,1.0,0.0,0.0,1.0,1.0,0.0,1.0,0.0,0.0,0.0,-0.535
90,0.0,1.0,0.0,1.0,1.0,0.0,1.0,0.0,0.0,0.0,-0.559
91,1.0,1.0,0.0,1.0,1.0,0.0,1.0,0.0,0.0,0.0,-0.509
92,0.0,0.0,1.0,1.0,1.0,0.0,1.0,0.0,0.0,0.0,-0.566
93,1.0,0.0,1.0,1.0,1.0,0.0,1.0,0.0,0.0,0.0,-0.475
94,0.0,1.0,1.0,1.0,1.0,0.0,1.0,0.0,0.0,0.0,-0.592
95,1.0,1.0,1.0,1.0,1.0,0.0,1.0,0.0,0.0,0.0,-0.485
96,0.0,0.0,0.0,0.0,0.0,1.0,1.0,0.0,0.0,0.0,-2.33
97,1.0,0.0,0.0,0.0,0.0,1.0,1.0,0.0,0.0,0.0,-1.3
98,0.0,1.0,0.0,0.0,0.0,1.0,1.0,0.0,0.0,0.0,-1.35
99,1.0,1.0,0.0,0.0,0.0,1.0,1.0,0.0,0.0,0.0,-0.84
100,0.0,0.0,1.0,0.0,0.0,1.0,1.0,0.0,0.0,0.0,-1.23
101,1.0,0.0,1.0,0.0,0.0,1.0,1.0,0.0,0.0,0.0,-0.64
102,0.0,1.0,1.0,0.0,0.0,1.0,1.0,0.0,0.0,0.0,-0.763
103,1.0,1.0,1.0,0.0,0.0,1.0,1.0,0.0,0.0,0.0,-0.427
104,0.0,0.0,0.0,1.0,0.0,1.0,1.0,0.0,0.0,0.0,-1.38
105,1.0,0.0,0.0,1.0,0.0,1.0,1.0,0.0,0.0,0.0,-0.817
106,0.0,1.0,0.0,1.0,0.0,1.0,1.0,0.0,0.0,0.0,-0.691
107,1.0,1.0,0.0,1.0,0.0,1.0,1.0,0.0,0.0,0.0,-0.482
108,0.0,0.0,1.0,1.0,0.0,1.0,1.0,0.0,0.0,0.0,-0.841
109,1.0,0.0,1.0,1.0,0.0,1.0,1.0,0.0,0.0,0.0,-0.57
110,0.0,1.0,1.0,1.0,0.0,1.0,1.0,0.0,0.0,0.0,-0.546
111,1.0,1.0,1.0,1.0,0.0,1.0,1.0,0.0,0.0,0.0,-0.268
112,0.0,0.0,0.0,0.0,1.0,1.0,1.0,0.0,0.0,0.0,-1.43
113,1.0,0.0,0.0,0.0,1.0,1.0,1.0,0.0,0.0,0.0,-0.676
114,0.0,1.0,0.0,0.0,1.0,1.0,1.0,0.0,0.0,0.0,-0.827
115,1.0,1.0,0.0,0.0,1.0,1.0,1.0,0.0,0.0,0.0,-0.285
116,0.0,0.0,1.0,0.0,1.0,1.0,1.0,0.0,0.0,0.0,-0.709
117,1.0,0.0,1.0,0.0,1.0,1.0,1.0,0.0,0.0,0.0,-0.452
118,0.0,1.0,1.0,0.0,1.0,1.0,1.0,0.0,0.0,0.0,-0.49
119,1.0,1.0,1.0,0.0,1.0,1.0,1.0,0.0,0.0,0.0,-0.379
120,0.0,0.0,0.0,1.0,1.0,1.0,1.0,0.0,0.0,0.0,-0.361
121,1.0,0.0,0.0,1.0,1.0,1.0,1.0,0.0,0.0,0.0,-0.627
122,0.0,1.0,0.0,1.0,1.0,1.0,1.0,0.0,0.0,0.0,-0.697
123,1.0,1.0,0.0,1.0,1.0,1.0,1.0,0.0,0.0,0.0,-0.0693
124,0.0,0.0,1.0,1.0,1.0,1.0,1.0,0.0,0.0,0.0,-0.678
125,1.0,0.0,1.0,1.0,1.0,1.0,1.0,0.0,0.0,0.0,-0.0931
126,0.0,1.0,1.0,1.0,1.0,1.0,1.0,0.0,0.0,0.0,0.529
127,1.0,1.0,1.0,1.0,1.0,1.0,1.0,0.0,0.0,0.0,-0.575
128,0.0,0.0,0.0,0.0,0.0,0.0,0.0,1.0,0.0,0.0,-3.87
129,1.0,0.0,0.0,0.0,0.0,0.0,0.0,1.0,0.0,0.0,-2.13
130,0.0,1.0,0.0,0.0,0.0,0.0,0.0,1.0,0.0,0.0,-2.2
131,1.0,1.0,0.0,0.0,0.0,0.0,0.0,1.0,0.0,0.0,-1.45
132,0.0,0.0,1.0,0.0,0.0,0.0,0.0,1.0,0.0,0.0,-2.07
133,1.0,0.0,1.0,0.0,0.0,0.0,0.0,1.0,0.0,0.0,-1.43
134,0.0,1.0,1.0,0.0,0.0,0.0,0.0,1.0,0.0,0.0,-1.35
135,1.0,1.0,1.0,0.0,0.0,0.0,0.0,1.0,0.0,0.0,-0.685
136,0.0,0.0,0.0,1.0,0.0,0.0,0.0,1.0,0.0,0.0,-2.25
137,1.0,0.0,0.0,1.0,0.0,0.0,0.0,1.0,0.0,0.0,-1.35
138,0.0,1.0,0.0,1.0,0.0,0.0,0.0,1.0,0.0,0.0,-1.39
139,1.0,1.0,0.0,1.0,0.0,0.0,0.0,1.0,0.0,0.0,-0.657
140,0.0,0.0,1.0,1.0,0.0,0.0,0.0,1.0,0.0,0.0,-1.43
141,1.0,0.0,1.0,1.0,0.0,0.0,0.0,1.0,0.0,0.0,-0.624
142,0.0,1.0,1.0,1.0,0.0,0.0,0.0,1.0,0.0,0.0,-0.629
143,1.0,1.0,1.0,1.0,0.0,0.0,0.0,1.0,0.0,0.0,-0.416
144,0.0,0.0,0.0,0.0,1.0,0.0,0.0,1.0,0.0,0.0,-2.2
145,1.0,0.0,0.0,0.0,1.0,0.0,0.0,1.0,0.0,0.0,-1.43
146,0.0,1.0,0.0,0.0,1.0,0.0,0.0,1.0,0.0,0.0,-1.36
147,1.0,1.0,0.0,0.0,1.0,0.0,0.0,1.0,0.0,0.0,-0.579
148,0.0,0.0,1.0,0.0,1.0,0.0,0.0,1.0,0.0,0.0,-1.48
149,1.0,0.0,1.0,0.0,1.0,0.0,0.0,1.0,0.0,0.0,-0.54
150,0.0,1.0,1.0,0.0,1.0,0.0,0.0,1.0,0.0,0.0,-0.598
151,1.0,1.0,1.0,0.0,1.0,0.0,0.0,1.0,0.0,0.0,-0.515
152,0.0,0.0,0.0,1.0,1.0,0.0,0.0,1.0,0.0,0.0,-1.35
153,1.0,0.0,0.0,1.0,1.0,0.0,0.0,1.0,0.0,0.0,-0.701
154,0.0,1.0,0.0,1.0,1.0,0.0,0.0,1.0,0.0,0.0,-0.686
155,1.0,1.0,0.0,1.0,1.0,0.0,0.0,1.0,0.0,0.0,-0.495
156,0.0,0.0,1.0,1.0,1.0,0.0,0.0,1.0,0.0,0.0,-0.723
157,1.0,0.0,1.0,1.0,1.0,0.0,0.0,1.0,0.0,0.0,-0.551
158,0.0,1.0,1.0,1.0,1.0,0.0,0.0,1.0,0.0,0.0,-0.537
159,1.0,1.0,1.0,1.0,1.0,0.0,0.0,1.0,0.0,0.0,-0.0599
160,0.0,0.0,0.0,0.0,0.0,1.0,0.0,1.0,0.0,0.0,-2.26
161,1.0,0.0,0.0,0.0,0.0,1.0,0.0,1.0,0.0,0.0,-1.4
162,0.0,1.0,0.0,0.0,0.0,1.0,0.0,1.0,0.0,0.0,-1.38
163,1.0,1.0,0.0,0.0,0.0,1.0,0.0,1.0,0.0,0.0,-0.603
164,0.0,0.0,1.0,0.0,0.0,1.0,0.0,1.0,0.0,0.0,-1.25
165,1.0,0.0,1.0,0.0,0.0,1.0,0.0,1.0,0.0,0.0,-0.772
166,0.0,1.0,1.0,0.0,0.0,1.0,0.0,1.0,0.0,0.0,-0.818
167,1.0,1.0,1.0,0.0,0.0,1.0,0.0,1.0,0.0,0.0,-0.42
168,0.0,0.0,0.0,1.0,0.0,1.0,0.0,1.0,0.0,0.0,-1.3
169,1.0,0.0,0.0,1.0,0.0,1.0,0.0,1.0,0.0,0.0,-0.731
170,0.0,1.0,0.0,1.0,0.0,1.0,0.0,1.0,0.0,0.0,-0.625
171,1.0,1.0,0.0,1.0,0.0,1.0,0.0,1.0,0.0,0.0,-0.439
172,0.0,0.0,1.0,1.0,0.0,1.0,0.0,1.0,0.0,0.0,-0.737
173,1.0,0.0,1.0,1.0,0.0,1.0,0.0,1.0,0.0,0.0,-0.623
174,0.0,1.0,1.0,1.0,0.0,1.0,0.0,1.0,0.0,0.0,-0.613
175,1.0,1.0,1.0,1.0,0.0,1.0,0.0,1.0,0.0,0.0,-0.0806
176,0.0,0.0,0.0,0.0,1.0,1.0,0.0,1.0,0.0,0.0,-1.43
177,1.0,0.0,0.0,0.0,1.0,1.0,0.0,1.0,0.0,0.0,-0.574
178,0.0,1.0,0.0,0.0,1.0,1.0,0.0,1.0,0.0,0.0,-0.57
179,1.0,1.0,0.0,0.0,1.0,1.0,0.0,1.0,0.0,0.0,-0.62
180,0.0,0.0,1.0,0.0,1.0,1.0,0.0,1.0,0.0,0.0,-0.697
181,1.0,0.0,1.0,0.0,1.0,1.0,0.0,1.0,0.0,0.0,-0.467
182,0.0,1.0,1.0,0.0,1.0,1.0,0.0,1.0,0.0,0.0,-0.579
183,1.0,1.0,1.0,0.0,1.0,1.0,0.0,1.0,0.0,0.0,-0.306
184,0.0,0.0,0.0,1.0,1.0,1.0,0.0,1.0,0.0,0.0,-0.502
185,1.0,0.0,0.0,1.0,1.0,1.0,0.0,1.0,0.0,0.0,-0.499
186,0.0,1.0,0.0,1.0,1.0,1.0,0.0,1.0,0.0,0.0,-0.594
187,1.0,1.0,0.0,1.0,1.0,1.0,0.0,1.0,0.0,0.0,-0.195
188,0.0,0.0,1.0,1.0,1.0,1.0,0.0,1.0,0.0,0.0,-0.236
189,1.0,0.0,1.0,1.0,1.0,1.0,0.0,1.0,0.0,0.0,-0.313
190,0.0,1.0,1.0,1.0,1.0,1.0,0.0,1.0,0.0,0.0,-0.256
191,1.0,1.0,1.0,1.0,1.0,1.0,0.0,1.0,0.0,0.0,-0.274
192,0.0,0.0,0.0,0.0,0.0,0.0,1.0,1.0,0.0,0.0,-2.13
193,1.0,0.0,0.0,0.0,0.0,0.0,1.0,1.0,0.0,0.0,-1.62
194,0.0,1.0,0.0,0.0,0.0,0.0,1.0,1.0,0.0,0.0,-1.36
195,1.0,1.0,0.0,0.0,0.0,0.0,1.0,1.0,0.0,0.0,-0.682
196,0.0,0.0,1.0,0.0,0.0,0.0,1.0,1.0,0.0,0.0,-1.58
197,1.0,0.0,1.0,0.0,0.0,0.0,1.0,1.0,0.0,0.0,-0.46
198,0.0,1.0,1.0,0.0,0.0,0.0,1.0,1.0,0.0,0.0,-0.638
199,1.0,1.0,1.0,0.0,0.0,0.0,1.0,1.0,0.0,0.0,-0.281
200,0.0,0.0,0.0,1.0,0.0,0.0,1.0,1.0,0.0,0.0,-1.42
201,1.0,0.0,0.0,1.0,0.0,0.0,1.0,1.0,0.0,0.0,-0.61
202,0.0,1.0,0.0,1.0,0.0,0.0,1.0,1.0,0.0,0.0,-0.478
203,1.0,1.0,0.0,1.0,0.0,0.0,1.0,1.0,0.0,0.0,-0.51
204,0.0,0.0,1.0,1.0,0.0,0.0,1.0,1.0,0.0,0.0,-0.581
205,1.0,0.0,1.0,1.0,0.0,0.0,1.0,1.0,0.0,0.0,-0.525
206,0.0,1.0,1.0,1.0,0.0,0.0,1.0,1.0,0.0,0.0,-0.497
207,1.0,1.0,1.0,1.0,0.0,0.0,1.0,1.0,0.0,0.0,-0.825
208,0.0,0.0,0.0,0.0,1.0,0.0,1.0,1.0,0.0,0.0,-1.47
209,1.0,0.0,0.0,0.0,1.0,0.0,1.0,1.0,0.0,0.0,-0.459
210,0.0,1.0,0.0,0.0,1.0,0.0,1.0,1.0,0.0,0.0,-0.66
211,1.0,1.0,0.0,0.0,1.0,0.0,1.0,1.0,0.0,0.0,-0.473
212,0.0,0.0,1.0,0.0,1.0,0.0,1.0,1.0,0.0,0.0,-0.3
213,1.0,0.0,1.0,0.0,1.0,0.0,1.0,1.0,0.0,0.0,-0.779
214,0.0,1.0,1.0,0.0,1.0,0.0,1.0,1.0,0.0,0.0,-0.521
215,1.0,1.0,1.0,0.0,1.0,0.0,1.0,1.0,0.0,0.0,-0.336
216,0.0,0.0,0.0,1.0,1.0,0.0,1.0,1.0,0.0,0.0,-0.526
217,1.0,0.0,0.0,1.0,1.0,0.0,1.0,1.0,0.0,0.0,-0.553
218,0.0,1.0,0.0,1.0,1.0,0.0,1.0,1.0,0.0,0.0,-0.689
219,1.0,1.0,0.0,1.0,1.0,0.0,1.0,1.0,0.0,0.0,-0.0824
220,0.0,0.0,1.0,1.0,1.0,0.0,1.0,1.0,0.0,0.0,-0.529
221,1.0,0.0,1.0,1.0,1.0,0.0,1.0,1.0,0.0,0.0,-0.188
222,0.0,1.0,1.0,1.0,1.0,0.0,1.0,1.0,0.0,0.0,-0.108
223,1.0,1.0,1.0,1.0,1.0,0.0,1.0,1.0,0.0,0.0,-0.0638
224,0.0,0.0,0.0,0.0,0.0,1.0,1.0,1.0,0.0,0.0,-1.28
225,1.0,0.0,0.0,0.0,0.0,1.0,1.0,1.0,0.0,0.0,-0.553
226,0.0,1.0,0.0,0.0,0.0,1.0,1.0,1.0,0.0,0.0,-0.684
227,1.0,1.0,0.0,0.0,0.0,1.0,1.0,1.0,0.0,0.0,-0.494
228,0.0,0.0,1.0,0.0,0.0,1.0,1.0,1.0,0.0,0.0,-0.641
229,1.0,0.0,1.0,0.0,0.0,1.0,1.0,1.0,0.0,0.0,-0.83
230,0.0,1.0,1.0,0.0,0.0,1.0,1.0,1.0,0.0,0.0,-0.377
231,1.0,1.0,1.0,0.0,0.0,1.0,1.0,1.0,0.0,0.0,-0.215
232,0.0,0.0,0.0,1.0,0.0,1.0,1.0,1.0,0.0,0.0,-0.704
233,1.0,0.0,0.0,1.0,0.0,1.0,1.0,1.0,0.0,0.0,-0.405
234,0.0,1.0,0.0,1.0,0.0,1.0,1.0,1.0,0.0,0.0,-0.593
235,1.0,1.0,0.0,1.0,0.0,1.0,1.0,1.0,0.0,0.0,-0.0142
236,0.0,0.0,1.0,1.0,0.0,1.0,1.0,1.0,0.0,0.0,-0.478
237,1.0,0.0,1.0,1.0,0.0,1.0,1.0,1.0,0.0,0.0,0.0825
238,0.0,1.0,1.0,1.0,0.0,1.0,1.0,1.0,0.0,0.0,-0.135
239,1.0,1.0,1.0,1.0,0.0,1.0,1.0,1.0,0.0,0.0,-0.298
240,0.0,0.0,0.0,0.0,1.0,1.0,1.0,1.0,0.0,0.0,-0.501
241,1.0,0.0,0.0,0.0,1.0,1.0,1.0,1.0,0.0,0.0,-0.563
242,0.0,1.0,0.0,0.0,1.0,1.0,1.0,1.0,0.0,0.0,-0.393
243,1.0,1.0,0.0,0.0,1.0,1.0,1.0,1.0,0.0,0.0,-0.145
244,0.0,0.0,1.0,0.0,1.0,1.0,1.0,1.0,0.0,0.0,-0.743
245,1.0,0.0,1.0,0.0,1.0,1.0,1.0,1.0,0.0,0.0,0.0269
246,0.0,1.0,1.0,0.0,1.0,1.0,1.0,1.0,0.0,0.0,-0.187
247,1.0,1.0,1.0,0.0,1.0,1.0,1.0,1.0,0.0,0.0,-0.234
248,0.0,0.0,0.0,1.0,1.0,1.0,1.0,1.0,0.0,0.0,-0.732
249,1.0,0.0,0.0,1.0,1.0,1.0,1.0,1.0,0.0,0.0,-0.0679
250,0.0,1.0,0.0,1.0,1.0,1.0,1.0,1.0,0.0,0.0,-0.141
251,1.0,1.0,0.0,1.0,1.0,1.0,1.0,1.0,0.0,0.0,-0.453
252,0.0,0.0,1.0,1.0,1.0,1.0,1.0,1.0,0.0,0.0,-0.393
253,1.0,0.0,1.0,1.0,1.0,1.0,1.0,1.0,0.0,0.0,-0.27
254,0.0,1.0,1.0,1.0,1.0,1.0,1.0,1.0,0.0,0.0,-0.394
255,1.0,1.0,1.0,1.0,1.0,1.0,1.0,1.0,0.0,0.0,0.551
256,0.0,0.0,0.0,0.0,0.0,0.0,0.0,0.0,1.0,0.0,-3.88
257,1.0,0.0,0.0,0.0,0.0,0.0,0.0,0.0,1.0,0.0,-2.18
258,0.0,1.0,0.0,0.0,0.0,0.0,0.0,0.0,1.0,0.0,-2.2
259,1.0,1.0,0.0,0.0,0.0,0.0,0.0,0.0,1.0,0.0,-1.46
260,0.0,0.0,1.0,0.0,0.0,0.0,0.0,0.0,1.0,0.0,-2.44
261,1.0,0.0,1.0,0.0,0.0,0.0,0.0,0.0,1.0,0.0,-1.04
262,0.0,1.0,1.0,0.0,0.0,0.0,0.0,0.0,1.0,0.0,-0.998
263,1.0,1.0,1.0,0.0,0.0,0.0,0.0,0.0,1.0,0.0,-0.648
264,0.0,0.0,0.0,1.0,0.0,0.0,0.0,0.0,1.0,0.0,-2.12
265,1.0,0.0,0.0,1.0,0.0,0.0,0.0,0.0,1.0,0.0,-1.28
266,0.0,1.0,0.0,1.0,0.0,0.0,0.0,0.0,1.0,0.0,-1.39
267,1.0,1.0,0.0,1.0,0.0,0.0,0.0,0.0,1.0,0.0,-0.616
268,0.0,0.0,1.0,1.0,0.0,0.0,0.0,0.0,1.0,0.0,-1.11
269,1.0,0.0,1.0,1.0,0.0,0.0,0.0,0.0,1.0,0.0,-0.894
270,0.0,1.0,1.0,1.0,0.0,0.0,0.0,0.0,1.0,0.0,-0.888
271,1.0,1.0,1.0,1.0,0.0,0.0,0.0,0.0,1.0,0.0,-0.389
272,0.0,0.0,0.0,0.0,1.0,0.0,0.0,0.0,1.0,0.0,-1.79
273,1.0,0.0,0.0,0.0,1.0,0.0,0.0,0.0,1.0,0.0,-1.46
274,0.0,1.0,0.0,0.0,1.0,0.0,0.0,0.0,1.0,0.0,-1.47
275,1.0,1.0,0.0,0.0,1.0,0.0,0.0,0.0,1.0,0.0,-0.516
276,0.0,0.0,1.0,0.0,1.0,0.0,0.0,0.0,1.0,0.0,-1.14
277,1.0,0.0,1.0,0.0,1.0,0.0,0.0,0.0,1.0,0.0,-0.647
278,0.0,1.0,1.0,0.0,1.0,0.0,0.0,0.0,1.0,0.0,-0.885
279,1.0,1.0,1.0,0.0,1.0,0.0,0.0,0.0,1.0,0.0,-0.588
280,0.0,0.0,0.0,1.0,1.0,0.0,0.0,0.0,1.0,0.0,-1.56
281,1.0,0.0,0.0,1.0,1.0,0.0,0.0,0.0,1.0,0.0,-0.583
282,0.0,1.0,0.0,1.0,1.0,0.0,0.0,0.0,1.0,0.0,-0.443
283,1.0,1.0,0.0,1.0,1.0,0.0,0.0,0.0,1.0,0.0,-0.577
284,0.0,0.0,1.0,1.0,1.0,0.0,0.0,0.0,1.0,0.0,-0.859
285,1.0,0.0,1.0,1.0,1.0,0.0,0.0,0.0,1.0,0.0,-0.00309
286,0.0,1.0,1.0,1.0,1.0,0.0,0.0,0.0,1.0,0.0,-0.332
287,1.0,1.0,1.0,1.0,1.0,0.0,0.0,0.0,1.0,0.0,-0.463
288,0.0,0.0,0.0,0.0,0.0,1.0,0.0,0.0,1.0,0.0,-2.1
289,1.0,0.0,0.0,0.0,0.0,1.0,0.0,0.0,1.0,0.0,-1.18
290,0.0,1.0,0.0,0.0,0.0,1.0,0.0,0.0,1.0,0.0,-1.46
291,1.0,1.0,0.0,0.0,0.0,1.0,0.0,0.0,1.0,0.0,-0.623
292,0.0,0.0,1.0,0.0,0.0,1.0,0.0,0.0,1.0,0.0,-1.02
293,1.0,0.0,1.0,0.0,0.0,1.0,0.0,0.0,1.0,0.0,-1.02
294,0.0,1.0,1.0,0.0,0.0,1.0,0.0,0.0,1.0,0.0,-1.08
295,1.0,1.0,1.0,0.0,0.0,1.0,0.0,0.0,1.0,0.0,-0.19
296,0.0,0.0,0.0,1.0,0.0,1.0,0.0,0.0,1.0,0.0,-1.34
297,1.0,0.0,0.0,1.0,0.0,1.0,0.0,0.0,1.0,0.0,-0.906
298,0.0,1.0,0.0,1.0,0.0,1.0,0.0,0.0,1.0,0.0,-0.518
299,1.0,1.0,0.0,1.0,0.0,1.0,0.0,0.0,1.0,0.0,-0.39
300,0.0,0.0,1.0,1.0,0.0,1.0,0.0,0.0,1.0,0.0,-0.895
301,1.0,0.0,1.0,1.0,0.0,1.0,0.0,0.0,1.0,0.0,0.025
302,0.0,1.0,1.0,1.0,0.0,1.0,0.0,0.0,1.0,0.0,-0.187
303,1.0,1.0,1.0,1.0,0.0,1.0,0.0,0.0,1.0,0.0,-0.634
304,0.0,0.0,0.0,0.0,1.0,1.0,0.0,0.0,1.0,0.0,-1.64
305,1.0,0.0,0.0,0.0,1.0,1.0,0.0,0.0,1.0,0.0,-0.564
306,0.0,1.0,0.0,0.0,1.0,1.0,0.0,0.0,1.0,0.0,-0.446
307,1.0,1.0,0.0,0.0,1.0,1.0,0.0,0.0,1.0,0.0,-0.6
308,0.0,0.0,1.0,0.0,1.0,1.0,0.0,0.0,1.0,0.0,-1.04
309,1.0,0.0,1.0,0.0,1.0,1.0,0.0,0.0,1.0,0.0,0.321
310,0.0,1.0,1.0,0.0,1.0,1.0,0.0,0.0,1.0,0.0,-0.354
311,1.0,1.0,1.0,0.0,1.0,1.0,0.0,0.0,1.0,0.0,-0.465
312,0.0,0.0,0.0,1.0,1.0,1.0,0.0,0.0,1.0,0.0,-0.782
313,1.0,0.0,0.0,1.0,1.0,1.0,0.0,0.0,1.0,0.0,-0.364
314,0.0,1.0,0.0,1.0,1.0,1.0,0.0,0.0,1.0,0.0,-0.189
315,1.0,1.0,0.0,1.0,1.0,1.0,0.0,0.0,1.0,0.0,-0.617
316,0.0,0.0,1.0,1.0,1.0,1.0,0.0,0.0,1.0,0.0,-0.276
317,1.0,0.0,1.0,1.0,1.0,1.0,0.0,0.0,1.0,0.0,-1.09
318,0.0,1.0,1.0,1.0,1.0,1.0,0.0,0.0,1.0,0.0,-0.689
319,1.0,1.0,1.0,1.0,1.0,1.0,0.0,0.0,1.0,0.0,0.557
320,0.0,0.0,0.0,0.0,0.0,0.0,1.0,0.0,1.0,0.0,-2.27
321,1.0,0.0,0.0,0.0,0.0,0.0,1.0,0.0,1.0,0.0,-1.38
322,0.0,1.0,0.0,0.0,0.0,0.0,1.0,0.0,1.0,0.0,-1.31
323,1.0,1.0,0.0,0.0,0.0,0.0,1.0,0.0,1.0,0.0,-0.753
324,0.0,0.0,1.0,0.0,0.0,0.0,1.0,0.0,1.0,0.0,-1.18
325,1.0,0.0,1.0,0.0,0.0,0.0,1.0,0.0,1.0,0.0,-0.955
326,0.0,1.0,1.0,0.0,0.0,0.0,1.0,0.0,1.0,0.0,-0.847
327,1.0,1.0,1.0,0.0,0.0,0.0,1.0,0.0,1.0,0.0,-0.382
328,0.0,0.0,0.0,1.0,0.0,0.0,1.0,0.0,1.0,0.0,-1.4
329,1.0,0.0,0.0,1.0,0.0,0.0,1.0,0.0,1.0,0.0,-0.605
330,0.0,1.0,0.0,1.0,0.0,0.0,1.0,0.0,1.0,0.0,-0.555
331,1.0,1.0,0.0,1.0,0.0,0.0,1.0,0.0,1.0,0.0,-0.528
332,0.0,0.0,1.0,1.0,0.0,0.0,1.0,0.0,1.0,0.0,-0.808
333,1.0,0.0,1.0,1.0,0.0,0.0,1.0,0.0,1.0,0.0,0.0527
334,0.0,1.0,1.0,1.0,0.0,0.0,1.0,0.0,1.0,0.0,-0.408
335,1.0,1.0,1.0,1.0,0.0,0.0,1.0,0.0,1.0,0.0,-0.799
336,0.0,0.0,0.0,0.0,1.0,0.0,1.0,0.0,1.0,0.0,-1.58
337,1.0,0.0,0.0,0.0,1.0,0.0,1.0,0.0,1.0,0.0,-0.551
338,0.0,1.0,0.0,0.0,1.0,0.0,1.0,0.0,1.0,0.0,-0.788
339,1.0,1.0,0.0,0.0,1.0,0.0,1.0,0.0,1.0,0.0,-0.295
340,0.0,0.0,1.0,0.0,1.0,0.0,1.0,0.0,1.0,0.0,-0.834
341,1.0,0.0,1.0,0.0,1.0,0.0,1.0,0.0,1.0,0.0,-0.411
342,0.0,1.0,1.0,0.0,1.0,0.0,1.0,0.0,1.0,0.0,-0.247
343,1.0,1.0,1.0,0.0,1.0,0.0,1.0,0.0,1.0,0.0,-0.403
344,0.0,0.0,0.0,1.0,1.0,0.0,1.0,0.0,1.0,0.0,-0.537
345,1.0,0.0,0.0,1.0,1.0,0.0,1.0,0.0,1.0,0.0,-0.765
346,0.0,1.0,0.0,1.0,1.0,0.0,1.0,0.0,1.0,0.0,-0.608
347,1.0,1.0,0.0,1.0,1.0,0.0,1.0,0.0,1.0,0.0,-0.128
348,0.0,0.0,1.0,1.0,1.0,0.0,1.0,0.0,1.0,0.0,-0.481
349,1.0,0.0,1.0,1.0,1.0,0.0,1.0,0.0,1.0,0.0,-0.713
350,0.0,1.0,1.0,1.0,1.0,0.0,1.0,0.0,1.0,0.0,-0.301
351,1.0,1.0,1.0,1.0,1.0,0.0,1.0,0.0,1.0,0.0,0.32
352,0.0,0.0,0.0,0.0,0.0,1.0,1.0,0.0,1.0,0.0,-1.29
353,1.0,0.0,0.0,0.0,0.0,1.0,1.0,0.0,1.0,0.0,-0.827
354,0.0,1.0,0.0,0.0,0.0,1.0,1.0,0.0,1.0,0.0,-0.686
355,1.0,1.0,0.0,0.0,0.0,1.0,1.0,0.0,1.0,0.0,-0.394
356,0.0,0.0,1.0,0.0,0.0,1.0,1.0,0.0,1.0,0.0,-0.916
357,1.0,0.0,1.0,0.0,0.0,1.0,1.0,0.0,1.0,0.0,-0.415
358,0.0,1.0,1.0,0.0,0.0,1.0,1.0,0.0,1.0,0.0,-0.23
359,1.0,1.0,1.0,0.0,0.0,1.0,1.0,0.0,1.0,0.0,0.0301
360,0.0,0.0,0.0,1.0,0.0,1.0,1.0,0.0,1.0,0.0,-0.551
361,1.0,0.0,0.0,1.0,0.0,1.0,1.0,0.0,1.0,0.0,-0.424
362,0.0,1.0,0.0,1.0,0.0,1.0,1.0,0.0,1.0,0.0,-0.691
363,1.0,1.0,0.0,1.0,0.0,1.0,1.0,0.0,1.0,0.0,-0.286
364,0.0,0.0,1.0,1.0,0.0,1.0,1.0,0.0,1.0,0.0,-0.374
365,1.0,0.0,1.0,1.0,0.0,1.0,1.0,0.0,1.0,0.0,-0.517
366,0.0,1.0,1.0,1.0,0.0,1.0,1.0,0.0,1.0,0.0,-0.291
367,1.0,1.0,1.0,1.0,0.0,1.0,1.0,0.0,1.0,0.0,-0.135
368,0.0,0.0,0.0,0.0,1.0,1.0,1.0,0.0,1.0,0.0,-0.536
369,1.0,0.0,0.0,0.0,1.0,1.0,1.0,0.0,1.0,0.0,-0.466
370,0.0,1.0,0.0,0.0,1.0,1.0,1.0,0.0,1.0,0.0,-0.385
371,1.0,1.0,0.0,0.0,1.0,1.0,1.0,0.0,1.0,0.0,-0.342
372,0.0,0.0,1.0,0.0,1.0,1.0,1.0,0.0,1.0,0.0,-0.104
373,1.0,0.0,1.0,0.0,1.0,1.0,1.0,0.0,1.0,0.0,-0.764
374,0.0,1.0,1.0,0.0,1.0,1.0,1.0,0.0,1.0,0.0,-0.42
375,1.0,1.0,1.0,0.0,1.0,1.0,1.0,0.0,1.0,0.0,-0.0383
376,0.0,0.0,0.0,1.0,1.0,1.0,1.0,0.0,1.0,0.0,-0.59
377,1.0,0.0,0.0,1.0,1.0,1.0,1.0,0.0,1.0,0.0,-0.148
378,0.0,1.0,0.0,1.0,1.0,1.0,1.0,0.0,1.0,0.0,-0.204
379,1.0,1.0,0.0,1.0,1.0,1.0,1.0,0.0,1.0,0.0,0.0955
380,0.0,0.0,1.0,1.0,1.0,1.0,1.0,0.0,1.0,0.0,-0.272
381,1.0,0.0,1.0,1.0,1.0,1.0,1.0,0.0,1.0,0.0,0.423
382,0.0,1.0,1.0,1.0,1.0,1.0,1.0,0.0,1.0,0.0,-0.094
383,1.0,1.0,1.0,1.0,1.0,1.0,1.0,0.0,1.0,0.0,-0.313
384,0.0,0.0,0.0,0.0,0.0,0.0,0.0,1.0,1.0,0.0,-2.21
385,1.0,0.0,0.0,0.0,0.0,0.0,0.0,1.0,1.0,0.0,-1.38
386,0.0,1.0,0.0,0.0,0.0,0.0,0.0,1.0,1.0,0.0,-1.3
387,1.0,1.0,0.0,0.0,0.0,0.0,0.0,1.0,1.0,0.0,-0.606
388,0.0,0.0,1.0,0.0,0.0,0.0,0.0,1.0,1.0,0.0,-1.39
389,1.0,0.0,1.0,0.0,0.0,0.0,0.0,1.0,1.0,0.0,-0.712
390,0.0,1.0,1.0,0.0,0.0,0.0,0.0,1.0,1.0,0.0,-0.645
391,1.0,1.0,1.0,0.0,0.0,0.0,0.0,1.0,1.0,0.0,-0.679
392,0.0,0.0,0.0,1.0,0.0,0.0,0.0,1.0,1.0,0.0,-1.4
393,1.0,0.0,0.0,1.0,0.0,0.0,0.0,1.0,1.0,0.0,-0.602
394,0.0,1.0,0.0,1.0,0.0,0.0,0.0,1.0,1.0,0.0,-0.648
395,1.0,1.0,0.0,1.0,0.0,0.0,0.0,1.0,1.0,0.0,-0.587
396,0.0,0.0,1.0,1.0,0.0,0.0,0.0,1.0,1.0,0.0,-0.662
397,1.0,0.0,1.0,1.0,0.0,0.0,0.0,1.0,1.0,0.0,-0.559
398,0.0,1.0,1.0,1.0,0.0,0.0,0.0,1.0,1.0,0.0,-0.584
399,1.0,1.0,1.0,1.0,0.0,0.0,0.0,1.0,1.0,0.0,-0.231
400,0.0,0.0,0.0,0.0,1.0,0.0,0.0,1.0,1.0,0.0,-1.61
401,1.0,0.0,0.0,0.0,1.0,0.0,0.0,1.0,1.0,0.0,-0.543
402,0.0,1.0,0.0,0.0,1.0,0.0,0.0,1.0,1.0,0.0,-0.605
403,1.0,1.0,0.0,0.0,1.0,0.0,0.0,1.0,1.0,0.0,-0.584
404,0.0,0.0,1.0,0.0,1.0,0.0,0.0,1.0,1.0,0.0,-0.564
405,1.0,0.0,1.0,0.0,1.0,0.0,0.0,1.0,1.0,0.0,-0.653
406,0.0,1.0,1.0,0.0,1.0,0.0,0.0,1.0,1.0,0.0,-0.589
407,1.0,1.0,1.0,0.0,1.0,0.0,0.0,1.0,1.0,0.0,-0.213
408,0.0,0.0,0.0,1.0,1.0,0.0,0.0,1.0,1.0,0.0,-0.667
409,1.0,0.0,0.0,1.0,1.0,0.0,0.0,1.0,1.0,0.0,-0.577
410,0.0,1.0,0.0,1.0,1.0,0.0,0.0,1.0,1.0,0.0,-0.472
411,1.0,1.0,0.0,1.0,1.0,0.0,0.0,1.0,1.0,0.0,0.201
412,0.0,0.0,1.0,1.0,1.0,0.0,0.0,1.0,1.0,0.0,-0.455
413,1.0,0.0,1.0,1.0,1.0,0.0,0.0,1.0,1.0,0.0,-0.286
414,0.0,1.0,1.0,1.0,1.0,0.0,0.0,1.0,1.0,0.0,-0.295
415,1.0,1.0,1.0,1.0,1.0,0.0,0.0,1.0,1.0,0.0,-0.229
416,0.0,0.0,0.0,0.0,0.0,1.0,0.0,1.0,1.0,0.0,-1.39
417,1.0,0.0,0.0,0.0,0.0,1.0,0.0,1.0,1.0,0.0,-0.61
418,0.0,1.0,0.0,0.0,0.0,1.0,0.0,1.0,1.0,0.0,-0.415
419,1.0,1.0,0.0,0.0,0.0,1.0,0.0,1.0,1.0,0.0,-0.834
420,0.0,0.0,1.0,0.0,0.0,1.0,0.0,1.0,1.0,0.0,-0.869
421,1.0,0.0,1.0,0.0,0.0,1.0,0.0,1.0,1.0,0.0,-0.405
422,0.0,1.0,1.0,0.0,0.0,1.0,0.0,1.0,1.0,0.0,-0.433
423,1.0,1.0,1.0,0.0,0.0,1.0,0.0,1.0,1.0,0.0,-0.146
424,0.0,0.0,0.0,1.0,0.0,1.0,0.0,1.0,1.0,0.0,-0.625
425,1.0,0.0,0.0,1.0,0.0,1.0,0.0,1.0,1.0,0.0,-0.479
426,0.0,1.0,0.0,1.0,0.0,1.0,0.0,1.0,1.0,0.0,-0.813
427,1.0,1.0,0.0,1.0,0.0,1.0,0.0,1.0,1.0,0.0,-0.0148
428,0.0,0.0,1.0,1.0,0.0,1.0,0.0,1.0,1.0,0.0,-0.195
429,1.0,0.0,1.0,1.0,0.0,1.0,0.0,1.0,1.0,0.0,-0.398
430,0.0,1.0,1.0,1.0,0.0,1.0,0.0,1.0,1.0,0.0,-0.236
431,1.0,1.0,1.0,1.0,0.0,1.0,0.0,1.0,1.0,0.0,0.0517
432,0.0,0.0,0.0,0.0,1.0,1.0,0.0,1.0,1.0,0.0,-0.405
433,1.0,0.0,0.0,0.0,1.0,1.0,0.0,1.0,1.0,0.0,-0.73
434,0.0,1.0,0.0,0.0,1.0,1.0,0.0,1.0,1.0,0.0,-0.759
435,1.0,1.0,0.0,0.0,1.0,1.0,0.0,1.0,1.0,0.0,0.119
436,0.0,0.0,1.0,0.0,1.0,1.0,0.0,1.0,1.0,0.0,-0.0418
437,1.0,0.0,1.0,0.0,1.0,1.0,0.0,1.0,1.0,0.0,-0.725
438,0.0,1.0,1.0,0.0,1.0,1.0,0.0,1.0,1.0,0.0,-0.0828
439,1.0,1.0,1.0,0.0,1.0,1.0,0.0,1.0,1.0,0.0,0.332
440,0.0,0.0,0.0,1.0,1.0,1.0,0.0,1.0,1.0,0.0,-0.411
441,1.0,0.0,0.0,1.0,1.0,1.0,0.0,1.0,1.0,0.0,-0.00394
442,0.0,1.0,0.0,1.0,1.0,1.0,0.0,1.0,1.0,0.0,-0.0312
443,1.0,1.0,0.0,1.0,1.0,1.0,0.0,1.0,1.0,0.0,-0.725
444,0.0,0.0,1.0,1.0,1.0,1.0,0.0,1.0,1.0,0.0,-0.881
445,1.0,0.0,1.0,1.0,1.0,1.0,0.0,1.0,1.0,0.0,0.548
446,0.0,1.0,1.0,1.0,1.0,1.0,0.0,1.0,1.0,0.0,0.519
447,1.0,1.0,1.0,1.0,1.0,1.0,0.0,1.0,1.0,0.0,-0.719
448,0.0,0.0,0.0,0.0,0.0,0.0,1.0,1.0,1.0,0.0,-1.34
449,1.0,0.0,0.0,0.0,0.0,0.0,1.0,1.0,1.0,0.0,-0.447
450,0.0,1.0,0.0,0.0,0.0,0.0,1.0,1.0,1.0,0.0,-0.742
451,1.0,1.0,0.0,0.0,0.0,0.0,1.0,1.0,1.0,0.0,-0.434
452,0.0,0.0,1.0,0.0,0.0,0.0,1.0,1.0,1.0,0.0,-0.589
453,1.0,0.0,1.0,0.0,0.0,0.0,1.0,1.0,1.0,0.0,-0.563
454,0.0,1.0,1.0,0.0,0.0,0.0,1.0,1.0,1.0,0.0,-0.624
455,1.0,1.0,1.0,0.0,0.0,0.0,1.0,1.0,1.0,0.0,-0.341
456,0.0,0.0,0.0,1.0,0.0,0.0,1.0,1.0,1.0,0.0,-0.512
457,1.0,0.0,0.0,1.0,0.0,0.0,1.0,1.0,1.0,0.0,-0.641
458,0.0,1.0,0.0,1.0,0.0,0.0,1.0,1.0,1.0,0.0,-0.568
459,1.0,1.0,0.0,1.0,0.0,0.0,1.0,1.0,1.0,0.0,-0.0483
460,0.0,0.0,1.0,1.0,0.0,0.0,1.0,1.0,1.0,0.0,-0.581
461,1.0,0.0,1.0,1.0,0.0,0.0,1.0,1.0,1.0,0.0,0.104
462,0.0,1.0,1.0,1.0,0.0,0.0,1.0,1.0,1.0,0.0,-0.0713
463,1.0,1.0,1.0,1.0,0.0,0.0,1.0,1.0,1.0,0.0,0.102
464,0.0,0.0,0.0,0.0,1.0,0.0,1.0,1.0,1.0,0.0,-0.411
465,1.0,0.0,0.0,0.0,1.0,0.0,1.0,1.0,1.0,0.0,-0.745
466,0.0,1.0,0.0,0.0,1.0,0.0,1.0,1.0,1.0,0.0,-0.42
467,1.0,1.0,0.0,0.0,1.0,0.0,1.0,1.0,1.0,0.0,-0.444
468,0.0,0.0,1.0,0.0,1.0,0.0,1.0,1.0,1.0,0.0,-0.538
469,1.0,0.0,1.0,0.0,1.0,0.0,1.0,1.0,1.0,0.0,-0.127
470,0.0,1.0,1.0,0.0,1.0,0.0,1.0,1.0,1.0,0.0,-0.374
471,1.0,1.0,1.0,0.0,1.0,0.0,1.0,1.0,1.0,0.0,0.279
472,0.0,0.0,0.0,1.0,1.0,0.0,1.0,1.0,1.0,0.0,0.145
473,1.0,0.0,0.0,1.0,1.0,0.0,1.0,1.0,1.0,0.0,-0.379
474,0.0,1.0,0.0,1.0,1.0,0.0,1.0,1.0,1.0,0.0,-0.658
475,1.0,1.0,0.0,1.0,1.0,0.0,1.0,1.0,1.0,0.0,-0.201
476,0.0,0.0,1.0,1.0,1.0,0.0,1.0,1.0,1.0,0.0,-0.689
477,1.0,0.0,1.0,1.0,1.0,0.0,1.0,1.0,1.0,0.0,0.00872
478,0.0,1.0,1.0,1.0,1.0,0.0,1.0,1.0,1.0,0.0,0.29
479,1.0,1.0,1.0,1.0,1.0,0.0,1.0,1.0,1.0,0.0,-0.445
480,0.0,0.0,0.0,0.0,0.0,1.0,1.0,1.0,1.0,0.0,-0.769
481,1.0,0.0,0.0,0.0,0.0,1.0,1.0,1.0,1.0,0.0,-0.528
482,0.0,1.0,0.0,0.0,0.0,1.0,1.0,1.0,1.0,0.0,-0.466
483,1.0,1.0,0.0,0.0,0.0,1.0,1.0,1.0,1.0,0.0,-0.161
484,0.0,0.0,1.0,0.0,0.0,1.0,1.0,1.0,1.0,0.0,-0.251
485,1.0,0.0,1.0,0.0,0.0,1.0,1.0,1.0,1.0,0.0,-0.234
486,0.0,1.0,1.0,0.0,0.0,1.0,1.0,1.0,1.0,0.0,-0.287
487,1.0,1.0,1.0,0.0,0.0,1.0,1.0,1.0,1.0,0.0,-0.239
488,0.0,0.0,0.0,1.0,0.0,1.0,1.0,1.0,1.0,0.0,-0.684
489,1.0,0.0,0.0,1.0,0.0,1.0,1.0,1.0,1.0,0.0,-0.113
490,0.0,1.0,0.0,1.0,0.0,1.0,1.0,1.0,1.0,0.0,-0.00987
491,1.0,1.0,0.0,1.0,0.0,1.0,1.0,1.0,1.0,0.0,-0.132
492,0.0,0.0,1.0,1.0,0.0,1.0,1.0,1.0,1.0,0.0,-0.474
493,1.0,0.0,1.0,1.0,0.0,1.0,1.0,1.0,1.0,0.0,-0.476
494,0.0,1.0,1.0,1.0,0.0,1.0,1.0,1.0,1.0,0.0,-0.0145
495,1.0,1.0,1.0,1.0,0.0,1.0,1.0,1.0,1.0,0.0,-0.081
496,0.0,0.0,0.0,0.0,1.0,1.0,1.0,1.0,1.0,0.0,-0.573
497,1.0,0.0,0.0,0.0,1.0,1.0,1.0,1.0,1.0,0.0,-0.179
498,0.0,1.0,0.0,0.0,1.0,1.0,1.0,1.0,1.0,0.0,-0.332
499,1.0,1.0,0.0,0.0,1.0,1.0,1.0,1.0,1.0,0.0,-0.153
500,0.0,0.0,1.0,0.0,1.0,1.0,1.0,1.0,1.0,0.0,-0.678
501,1.0,0.0,1.0,0.0,1.0,1.0,1.0,1.0,1.0,0.0,0.202
502,0.0,1.0,1.0,0.0,1.0,1.0,1.0,1.0,1.0,0.0,0.0285
503,1.0,1.0,1.0,0.0,1.0,1.0,1.0,1.0,1.0,0.0,-0.417
504,0.0,0.0,0.0,1.0,1.0,1.0,1.0,1.0,1.0,0.0,-0.629
505,1.0,0.0,0.0,1.0,1.0,1.0,1.0,1.0,1.0,0.0,-0.0824
506,0.0,1.0,0.0,1.0,1.0,1.0,1.0,1.0,1.0,0.0,0.123
507,1.0,1.0,0.0,1.0,1.0,1.0,1.0,1.0,1.0,0.0,-0.0604
508,0.0,0.0,1.0,1.0,1.0,1.0,1.0,1.0,1.0,0.0,0.694
509,1.0,0.0,1.0,1.0,1.0,1.0,1.0,1.0,1.0,0.0,-0.331
510,0.0,1.0,1.0,1.0,1.0,1.0,1.0,1.0,1.0,0.0,-0.473
511,1.0,1.0,1.0,1.0,1.0,1.0,1.0,1.0,1.0,0.0,-0.0395
512,0.0,0.0,0.0,0.0,0.0,0.0,0.0,0.0,0.0,1.0,-3.86
513,1.0,0.0,0.0,0.0,0.0,0.0,0.0,0.0,0.0,1.0,-2.17
514,0.0,1.0,0.0,0.0,0.0,0.0,0.0,0.0,0.0,1.0,-2.21
515,1.0,1.0,0.0,0.0,0.0,0.0,0.0,0.0,0.0,1.0,-1.48
516,0.0,0.0,1.0,0.0,0.0,0.0,0.0,0.0,0.0,1.0,-2.26
517,1.0,0.0,1.0,0.0,0.0,0.0,0.0,0.0,0.0,1.0,-1.4
518,0.0,1.0,1.0,0.0,0.0,0.0,0.0,0.0,0.0,1.0,-0.955
519,1.0,1.0,1.0,0.0,0.0,0.0,0.0,0.0,0.0,1.0,-0.605
520,0.0,0.0,0.0,1.0,0.0,0.0,0.0,0.0,0.0,1.0,-2.1
521,1.0,0.0,0.0,1.0,0.0,0.0,0.0,0.0,0.0,1.0,-1.15
522,0.0,1.0,0.0,1.0,0.0,0.0,0.0,0.0,0.0,1.0,-1.38
523,1.0,1.0,0.0,1.0,0.0,0.0,0.0,0.0,0.0,1.0,-0.808
524,0.0,0.0,1.0,1.0,0.0,0.0,0.0,0.0,0.0,1.0,-1.23
525,1.0,0.0,1.0,1.0,0.0,0.0,0.0,0.0,0.0,1.0,-0.684
526,0.0,1.0,1.0,1.0,0.0,0.0,0.0,0.0,0.0,1.0,-0.956
527,1.0,1.0,1.0,1.0,0.0,0.0,0.0,0.0,0.0,1.0,-0.251
528,0.0,0.0,0.0,0.0,1.0,0.0,0.0,0.0,0.0,1.0,-2.16
529,1.0,0.0,0.0,0.0,1.0,0.0,0.0,0.0,0.0,1.0,-1.07
530,0.0,1.0,0.0,0.0,1.0,0.0,0.0,0.0,0.0,1.0,-1.05
531,1.0,1.0,0.0,0.0,1.0,0.0,0.0,0.0,0.0,1.0,-1.03
532,0.0,0.0,1.0,0.0,1.0,0.0,0.0,0.0,0.0,1.0,-1.27
533,1.0,0.0,1.0,0.0,1.0,0.0,0.0,0.0,0.0,1.0,-0.168
534,0.0,1.0,1.0,0.0,1.0,0.0,0.0,0.0,0.0,1.0,-0.987
535,1.0,1.0,1.0,0.0,1.0,0.0,0.0,0.0,0.0,1.0,-0.653
536,0.0,0.0,0.0,1.0,1.0,0.0,0.0,0.0,0.0,1.0,-1.42
537,1.0,0.0,0.0,1.0,1.0,0.0,0.0,0.0,0.0,1.0,-0.57
538,0.0,1.0,0.0,1.0,1.0,0.0,0.0,0.0,0.0,1.0,-0.713
539,1.0,1.0,0.0,1.0,1.0,0.0,0.0,0.0,0.0,1.0,-0.159
540,0.0,0.0,1.0,1.0,1.0,0.0,0.0,0.0,0.0,1.0,-0.714
541,1.0,0.0,1.0,1.0,1.0,0.0,0.0,0.0,0.0,1.0,-0.825
542,0.0,1.0,1.0,1.0,1.0,0.0,0.0,0.0,0.0,1.0,-0.333
543,1.0,1.0,1.0,1.0,1.0,0.0,0.0,0.0,0.0,1.0,-0.231
544,0.0,0.0,0.0,0.0,0.0,1.0,0.0,0.0,0.0,1.0,-2.23
545,1.0,0.0,0.0,0.0,0.0,1.0,0.0,0.0,0.0,1.0,-1.16
546,0.0,1.0,0.0,0.0,0.0,1.0,0.0,0.0,0.0,1.0,-1.17
547,1.0,1.0,0.0,0.0,0.0,1.0,0.0,0.0,0.0,1.0,-0.635
548,0.0,0.0,1.0,0.0,0.0,1.0,0.0,0.0,0.0,1.0,-1.24
549,1.0,0.0,1.0,0.0,0.0,1.0,0.0,0.0,0.0,1.0,-0.513
550,0.0,1.0,1.0,0.0,0.0,1.0,0.0,0.0,0.0,1.0,-0.85
551,1.0,1.0,1.0,0.0,0.0,1.0,0.0,0.0,0.0,1.0,-0.687
552,0.0,0.0,0.0,1.0,0.0,1.0,0.0,0.0,0.0,1.0,-1.3
553,1.0,0.0,0.0,1.0,0.0,1.0,0.0,0.0,0.0,1.0,-0.955
554,0.0,1.0,0.0,1.0,0.0,1.0,0.0,0.0,0.0,1.0,-0.58
555,1.0,1.0,0.0,1.0,0.0,1.0,0.0,0.0,0.0,1.0,-0.423
556,0.0,0.0,1.0,1.0,0.0,1.0,0.0,0.0,0.0,1.0,-0.709
557,1.0,0.0,1.0,1.0,0.0,1.0,0.0,0.0,0.0,1.0,-0.63
558,0.0,1.0,1.0,1.0,0.0,1.0,0.0,0.0,0.0,1.0,-0.517
559,1.0,1.0,1.0,1.0,0.0,1.0,0.0,0.0,0.0,1.0,-0.136
560,0.0,0.0,0.0,0.0,1.0,1.0,0.0,0.0,0.0,1.0,-1.32
561,1.0,0.0,0.0,0.0,1.0,1.0,0.0,0.0,0.0,1.0,-0.942
562,0.0,1.0,0.0,0.0,1.0,1.0,0.0,0.0,0.0,1.0,-0.918
563,1.0,1.0,0.0,0.0,1.0,1.0,0.0,0.0,0.0,1.0,0.049
564,0.0,0.0,1.0,0.0,1.0,1.0,0.0,0.0,0.0,1.0,-0.734
565,1.0,0.0,1.0,0.0,1.0,1.0,0.0,0.0,0.0,1.0,-0.796
566,0.0,1.0,1.0,0.0,1.0,1.0,0.0,0.0,0.0,1.0,1.09
567,1.0,1.0,1.0,0.0,1.0,1.0,0.0,0.0,0.0,1.0,-1.13
568,0.0,0.0,0.0,1.0,1.0,1.0,0.0,0.0,0.0,1.0,-0.594
569,1.0,0.0,0.0,1.0,1.0,1.0,0.0,0.0,0.0,1.0,-0.54
570,0.0,1.0,0.0,1.0,1.0,1.0,0.0,0.0,0.0,1.0,-0.793
571,1.0,1.0,0.0,1.0,1.0,1.0,0.0,0.0,0.0,1.0,-0.576
572,0.0,0.0,1.0,1.0,1.0,1.0,0.0,0.0,0.0,1.0,-0.718
573,1.0,0.0,1.0,1.0,1.0,1.0,0.0,0.0,0.0,1.0,0.076
574,0.0,1.0,1.0,1.0,1.0,1.0,0.0,0.0,0.0,1.0,-1.03
575,1.0,1.0,1.0,1.0,1.0,1.0,0.0,0.0,0.0,1.0,0.36
576,0.0,0.0,0.0,0.0,0.0,0.0,1.0,0.0,0.0,1.0,-2.25
577,1.0,0.0,0.0,0.0,0.0,0.0,1.0,0.0,0.0,1.0,-1.46
578,0.0,1.0,0.0,0.0,0.0,0.0,1.0,0.0,0.0,1.0,-1.46
579,1.0,1.0,0.0,0.0,0.0,0.0,1.0,0.0,0.0,1.0,-0.66
580,0.0,0.0,1.0,0.0,0.0,0.0,1.0,0.0,0.0,1.0,-1.3
581,1.0,0.0,1.0,0.0,0.0,0.0,1.0,0.0,0.0,1.0,-0.735
582,0.0,1.0,1.0,0.0,0.0,0.0,1.0,0.0,0.0,1.0,-0.806
583,1.0,1.0,1.0,0.0,0.0,0.0,1.0,0.0,0.0,1.0,-0.495
584,0.0,0.0,0.0,1.0,0.0,0.0,1.0,0.0,0.0,1.0,-1.48
585,1.0,0.0,0.0,1.0,0.0,0.0,1.0,0.0,0.0,1.0,-0.761
586,0.0,1.0,0.0,1.0,0.0,0.0,1.0,0.0,0.0,1.0,-0.49
587,1.0,1.0,0.0,1.0,0.0,0.0,1.0,0.0,0.0,1.0,-0.429
588,0.0,0.0,1.0,1.0,0.0,0.0,1.0,0.0,0.0,1.0,-0.807
589,1.0,0.0,1.0,1.0,0.0,0.0,1.0,0.0,0.0,1.0,-0.248
590,0.0,1.0,1.0,1.0,0.0,0.0,1.0,0.0,0.0,1.0,-0.444
591,1.0,1.0,1.0,1.0,0.0,0.0,1.0,0.0,0.0,1.0,-0.684
592,0.0,0.0,0.0,0.0,1.0,0.0,1.0,0.0,0.0,1.0,-1.4
593,1.0,0.0,0.0,0.0,1.0,0.0,1.0,0.0,0.0,1.0,-0.798
594,0.0,1.0,0.0,0.0,1.0,0.0,1.0,0.0,0.0,1.0,-0.933
595,1.0,1.0,0.0,0.0,1.0,0.0,1.0,0.0,0.0,1.0,-0.283
596,0.0,0.0,1.0,0.0,1.0,0.0,1.0,0.0,0.0,1.0,-0.62
597,1.0,0.0,1.0,0.0,1.0,0.0,1.0,0.0,0.0,1.0,-0.75
598,0.0,1.0,1.0,0.0,1.0,0.0,1.0,0.0,0.0,1.0,-0.25
599,1.0,1.0,1.0,0.0,1.0,0.0,1.0,0.0,0.0,1.0,-0.191
600,0.0,0.0,0.0,1.0,1.0,0.0,1.0,0.0,0.0,1.0,-0.378
601,1.0,0.0,0.0,1.0,1.0,0.0,1.0,0.0,0.0,1.0,-0.66
602,0.0,1.0,0.0,1.0,1.0,0.0,1.0,0.0,0.0,1.0,-0.602
603,1.0,1.0,0.0,1.0,1.0,0.0,1.0,0.0,0.0,1.0,-0.374
604,0.0,0.0,1.0,1.0,1.0,0.0,1.0,0.0,0.0,1.0,-0.572
605,1.0,0.0,1.0,1.0,1.0,0.0,1.0,0.0,0.0,1.0,-0.065
606,0.0,1.0,1.0,1.0,1.0,0.0,1.0,0.0,0.0,1.0,-0.228
607,1.0,1.0,1.0,1.0,1.0,0.0,1.0,0.0,0.0,1.0,0.0696
608,0.0,0.0,0.0,0.0,0.0,1.0,1.0,0.0,0.0,1.0,-1.31
609,1.0,0.0,0.0,0.0,0.0,1.0,1.0,0.0,0.0,1.0,-0.76
610,0.0,1.0,0.0,0.0,0.0,1.0,1.0,0.0,0.0,1.0,-0.717
611,1.0,1.0,0.0,0.0,0.0,1.0,1.0,0.0,0.0,1.0,-0.448
612,0.0,0.0,1.0,0.0,0.0,1.0,1.0,0.0,0.0,1.0,-0.795
613,1.0,0.0,1.0,0.0,0.0,1.0,1.0,0.0,0.0,1.0,-0.687
614,0.0,1.0,1.0,0.0,0.0,1.0,1.0,0.0,0.0,1.0,-0.333
615,1.0,1.0,1.0,0.0,0.0,1.0,1.0,0.0,0.0,1.0,0.092
616,0.0,0.0,0.0,1.0,0.0,1.0,1.0,0.0,0.0,1.0,-0.227
617,1.0,0.0,0.0,1.0,0.0,1.0,1.0,0.0,0.0,1.0,-0.325
618,0.0,1.0,0.0,1.0,0.0,1.0,1.0,0.0,0.0,1.0,-0.884
619,1.0,1.0,0.0,1.0,0.0,1.0,1.0,0.0,0.0,1.0,-0.286
620,0.0,0.0,1.0,1.0,0.0,1.0,1.0,0.0,0.0,1.0,-0.55
621,1.0,0.0,1.0,1.0,0.0,1.0,1.0,0.0,0.0,1.0,0.0368
622,0.0,1.0,1.0,1.0,0.0,1.0,1.0,0.0,0.0,1.0,0.0271
623,1.0,1.0,1.0,1.0,0.0,1.0,1.0,0.0,0.0,1.0,-0.36
624,0.0,0.0,0.0,0.0,1.0,1.0,1.0,0.0,0.0,1.0,-0.657
625,1.0,0.0,0.0,0.0,1.0,1.0,1.0,0.0,0.0,1.0,-0.0611
626,0.0,1.0,0.0,0.0,1.0,1.0,1.0,0.0,0.0,1.0,-0.227
627,1.0,1.0,0.0,0.0,1.0,1.0,1.0,0.0,0.0,1.0,-0.371
628,0.0,0.0,1.0,0.0,1.0,1.0,1.0,0.0,0.0,1.0,-0.442
629,1.0,0.0,1.0,0.0,1.0,1.0,1.0,0.0,0.0,1.0,-0.131
630,0.0,1.0,1.0,0.0,1.0,1.0,1.0,0.0,0.0,1.0,-1.14
631,1.0,1.0,1.0,0.0,1.0,1.0,1.0,0.0,0.0,1.0,0.0754
632,0.0,0.0,0.0,1.0,1.0,1.0,1.0,0.0,0.0,1.0,-1.06
633,1.0,0.0,0.0,1.0,1.0,1.0,1.0,0.0,0.0,1.0,-0.133
634,0.0,1.0,0.0,1.0,1.0,1.0,1.0,0.0,0.0,1.0,0.301
635,1.0,1.0,0.0,1.0,1.0,1.0,1.0,0.0,0.0,1.0,-0.0589
636,0.0,0.0,1.0,1.0,1.0,1.0,1.0,0.0,0.0,1.0,0.286
637,1.0,0.0,1.0,1.0,1.0,1.0,1.0,0.0,0.0,1.0,-0.441
638,0.0,1.0,1.0,1.0,1.0,1.0,1.0,0.0,0.0,1.0,-0.411
639,1.0,1.0,1.0,1.0,1.0,1.0,1.0,0.0,0.0,1.0,0.225
640,0.0,0.0,0.0,0.0,0.0,0.0,0.0,1.0,0.0,1.0,-2.27
641,1.0,0.0,0.0,0.0,0.0,0.0,0.0,1.0,0.0,1.0,-1.32
642,0.0,1.0,0.0,0.0,0.0,0.0,0.0,1.0,0.0,1.0,-1.35
643,1.0,1.0,0.0,0.0,0.0,0.0,0.0,1.0,0.0,1.0,-0.543
644,0.0,0.0,1.0,0.0,0.0,0.0,0.0,1.0,0.0,1.0,-1.47
645,1.0,0.0,1.0,0.0,0.0,0.0,0.0,1.0,0.0,1.0,-0.549
646,0.0,1.0,1.0,0.0,0.0,0.0,0.0,1.0,0.0,1.0,-0.597
647,1.0,1.0,1.0,0.0,0.0,0.0,0.0,1.0,0.0,1.0,-0.683
648,0.0,0.0,0.0,1.0,0.0,0.0,0.0,1.0,0.0,1.0,-1.41
649,1.0,0.0,0.0,1.0,0.0,0.0,0.0,1.0,0.0,1.0,-0.777
650,0.0,1.0,0.0,1.0,0.0,0.0,0.0,1.0,0.0,1.0,-0.647
651,1.0,1.0,0.0,1.0,0.0,0.0,0.0,1.0,0.0,1.0,-0.405
652,0.0,0.0,1.0,1.0,0.0,0.0,0.0,1.0,0.0,1.0,-0.66
653,1.0,0.0,1.0,1.0,0.0,0.0,0.0,1.0,0.0,1.0,-0.651
654,0.0,1.0,1.0,1.0,0.0,0.0,0.0,1.0,0.0,1.0,-0.302
655,1.0,1.0,1.0,1.0,0.0,0.0,0.0,1.0,0.0,1.0,-0.219
656,0.0,0.0,0.0,0.0,1.0,0.0,0.0,1.0,0.0,1.0,-1.31
657,1.0,0.0,0.0,0.0,1.0,0.0,0.0,1.0,0.0,1.0,-0.872
658,0.0,1.0,0.0,0.0,1.0,0.0,0.0,1.0,0.0,1.0,-0.798
659,1.0,1.0,0.0,0.0,1.0,0.0,0.0,1.0,0.0,1.0,-0.122
660,0.0,0.0,1.0,0.0,1.0,0.0,0.0,1.0,0.0,1.0,-0.655
661,1.0,0.0,1.0,0.0,1.0,0.0,0.0,1.0,0.0,1.0,-1.02
662,0.0,1.0,1.0,0.0,1.0,0.0,0.0,1.0,0.0,1.0,-0.494
663,1.0,1.0,1.0,0.0,1.0,0.0,0.0,1.0,0.0,1.0,-0.0859
664,0.0,0.0,0.0,1.0,1.0,0.0,0.0,1.0,0.0,1.0,-0.673
665,1.0,0.0,0.0,1.0,1.0,0.0,0.0,1.0,0.0,1.0,-0.427
666,0.0,1.0,0.0,1.0,1.0,0.0,0.0,1.0,0.0,1.0,-0.354
667,1.0,1.0,0.0,1.0,1.0,0.0,0.0,1.0,0.0,1.0,-0.517
668,0.0,0.0,1.0,1.0,1.0,0.0,0.0,1.0,0.0,1.0,-0.387
669,1.0,0.0,1.0,1.0,1.0,0.0,0.0,1.0,0.0,1.0,0.247
670,0.0,1.0,1.0,1.0,1.0,0.0,0.0,1.0,0.0,1.0,-0.348
671,1.0,1.0,1.0,1.0,1.0,0.0,0.0,1.0,0.0,1.0,-0.307
672,0.0,0.0,0.0,0.0,0.0,1.0,0.0,1.0,0.0,1.0,-1.29
673,1.0,0.0,0.0,0.0,0.0,1.0,0.0,1.0,0.0,1.0,-0.746
674,0.0,1.0,0.0,0.0,0.0,1.0,0.0,1.0,0.0,1.0,-0.75
675,1.0,1.0,0.0,0.0,0.0,1.0,0.0,1.0,0.0,1.0,-0.619
676,0.0,0.0,1.0,0.0,0.0,1.0,0.0,1.0,0.0,1.0,-0.772
677,1.0,0.0,1.0,0.0,0.0,1.0,0.0,1.0,0.0,1.0,-0.733
678,0.0,1.0,1.0,0.0,0.0,1.0,0.0,1.0,0.0,1.0,-0.441
679,1.0,1.0,1.0,0.0,0.0,1.0,0.0,1.0,0.0,1.0,-0.0267
680,0.0,0.0,0.0,1.0,0.0,1.0,0.0,1.0,0.0,1.0,-0.76
681,1.0,0.0,0.0,1.0,0.0,1.0,0.0,1.0,0.0,1.0,-0.357
682,0.0,1.0,0.0,1.0,0.0,1.0,0.0,1.0,0.0,1.0,-0.655
683,1.0,1.0,0.0,1.0,0.0,1.0,0.0,1.0,0.0,1.0,-0.177
684,0.0,0.0,1.0,1.0,0.0,1.0,0.0,1.0,0.0,1.0,-0.539
685,1.0,0.0,1.0,1.0,0.0,1.0,0.0,1.0,0.0,1.0,0.066
686,0.0,1.0,1.0,1.0,0.0,1.0,0.0,1.0,0.0,1.0,-0.00245
687,1.0,1.0,1.0,1.0,0.0,1.0,0.0,1.0,0.0,1.0,-0.311
688,0.0,0.0,0.0,0.0,1.0,1.0,0.0,1.0,0.0,1.0,-0.643
689,1.0,0.0,0.0,0.0,1.0,1.0,0.0,1.0,0.0,1.0,-0.272
690,0.0,1.0,0.0,0.0,1.0,1.0,0.0,1.0,0.0,1.0,-0.495
691,1.0,1.0,0.0,0.0,1.0,1.0,0.0,1.0,0.0,1.0,-0.143
692,0.0,0.0,1.0,0.0,1.0,1.0,0.0,1.0,0.0,1.0,-0.375
693,1.0,0.0,1.0,0.0,1.0,1.0,0.0,1.0,0.0,1.0,0.113
694,0.0,1.0,1.0,0.0,1.0,1.0,0.0,1.0,0.0,1.0,-0.877
695,1.0,1.0,1.0,0.0,1.0,1.0,0.0,1.0,0.0,1.0,0.565
696,0.0,0.0,0.0,1.0,1.0,1.0,0.0,1.0,0.0,1.0,-0.45
697,1.0,0.0,0.0,1.0,1.0,1.0,0.0,1.0,0.0,1.0,-0.227
698,0.0,1.0,0.0,1.0,1.0,1.0,0.0,1.0,0.0,1.0,0.0972
699,1.0,1.0,0.0,1.0,1.0,1.0,0.0,1.0,0.0,1.0,-0.205
700,0.0,0.0,1.0,1.0,1.0,1.0,0.0,1.0,0.0,1.0,-0.3
701,1.0,0.0,1.0,1.0,1.0,1.0,0.0,1.0,0.0,1.0,-0.455
702,0.0,1.0,1.0,1.0,1.0,1.0,0.0,1.0,0.0,1.0,0.038
703,1.0,1.0,1.0,1.0,1.0,1.0,0.0,1.0,0.0,1.0,-0.334
704,0.0,0.0,0.0,0.0,0.0,0.0,1.0,1.0,0.0,1.0,-1.3
705,1.0,0.0,0.0,0.0,0.0,0.0,1.0,1.0,0.0,1.0,-0.514
706,0.0,1.0,0.0,0.0,0.0,0.0,1.0,1.0,0.0,1.0,-0.626
707,1.0,1.0,0.0,0.0,0.0,0.0,1.0,1.0,0.0,1.0,-0.456
708,0.0,0.0,1.0,0.0,0.0,0.0,1.0,1.0,0.0,1.0,-0.535
709,1.0,0.0,1.0,0.0,0.0,0.0,1.0,1.0,0.0,1.0,-0.72
710,0.0,1.0,1.0,0.0,0.0,0.0,1.0,1.0,0.0,1.0,-0.618
711,1.0,1.0,1.0,0.0,0.0,0.0,1.0,1.0,0.0,1.0,-0.223
712,0.0,0.0,0.0,1.0,0.0,0.0,1.0,1.0,0.0,1.0,-0.0474
713,1.0,0.0,0.0,1.0,0.0,0.0,1.0,1.0,0.0,1.0,-0.696
714,0.0,1.0,0.0,1.0,0.0,0.0,1.0,1.0,0.0,1.0,-0.921
715,1.0,1.0,0.0,1.0,0.0,0.0,1.0,1.0,0.0,1.0,-0.145
716,0.0,0.0,1.0,1.0,0.0,0.0,1.0,1.0,0.0,1.0,-0.712
717,1.0,0.0,1.0,1.0,0.0,0.0,1.0,1.0,0.0,1.0,0.454
718,0.0,1.0,1.0,1.0,0.0,0.0,1.0,1.0,0.0,1.0,-0.155
719,1.0,1.0,1.0,1.0,0.0,0.0,1.0,1.0,0.0,1.0,0.034
720,0.0,0.0,0.0,0.0,1.0,0.0,1.0,1.0,0.0,1.0,-0.665
721,1.0,0.0,0.0,0.0,1.0,0.0,1.0,1.0,0.0,1.0,-0.452
722,0.0,1.0,0.0,0.0,1.0,0.0,1.0,1.0,0.0,1.0,-0.34
723,1.0,1.0,0.0,0.0,1.0,0.0,1.0,1.0,0.0,1.0,-0.15
724,0.0,0.0,1.0,0.0,1.0,0.0,1.0,1.0,0.0,1.0,-0.565
725,1.0,0.0,1.0,0.0,1.0,0.0,1.0,1.0,0.0,1.0,0.261
726,0.0,1.0,1.0,0.0,1.0,0.0,1.0,1.0,0.0,1.0,-0.34
727,1.0,1.0,1.0,0.0,1.0,0.0,1.0,1.0,0.0,1.0,-0.226
728,0.0,0.0,0.0,1.0,1.0,0.0,1.0,1.0,0.0,1.0,-0.289
729,1.0,0.0,0.0,1.0,1.0,0.0,1.0,1.0,0.0,1.0,-0.145
730,0.0,1.0,0.0,1.0,1.0,0.0,1.0,1.0,0.0,1.0,-0.377
731,1.0,1.0,0.0,1.0,1.0,0.0,1.0,1.0,0.0,1.0,-0.161
732,0.0,0.0,1.0,1.0,1.0,0.0,1.0,1.0,0.0,1.0,-0.633
733,1.0,0.0,1.0,1.0,1.0,0.0,1.0,1.0,0.0,1.0,-0.613
734,0.0,1.0,1.0,1.0,1.0,0.0,1.0,1.0,0.0,1.0,0.243
735,1.0,1.0,1.0,1.0,1.0,0.0,1.0,1.0,0.0,1.0,-0.166
736,0.0,0.0,0.0,0.0,0.0,1.0,1.0,1.0,0.0,1.0,-0.778
737,1.0,0.0,0.0,0.0,0.0,1.0,1.0,1.0,0.0,1.0,-0.56
738,0.0,1.0,0.0,0.0,0.0,1.0,1.0,1.0,0.0,1.0,-0.349
739,1.0,1.0,0.0,0.0,0.0,1.0,1.0,1.0,0.0,1.0,-0.184
740,0.0,0.0,1.0,0.0,0.0,1.0,1.0,1.0,0.0,1.0,-0.275
741,1.0,0.0,1.0,0.0,0.0,1.0,1.0,1.0,0.0,1.0,0.0874
742,0.0,1.0,1.0,0.0,0.0,1.0,1.0,1.0,0.0,1.0,-0.486
743,1.0,1.0,1.0,0.0,0.0,1.0,1.0,1.0,0.0,1.0,-0.254
744,0.0,0.0,0.0,1.0,0.0,1.0,1.0,1.0,0.0,1.0,-0.922
745,1.0,0.0,0.0,1.0,0.0,1.0,1.0,1.0,0.0,1.0,-0.253
746,0.0,1.0,0.0,1.0,0.0,1.0,1.0,1.0,0.0,1.0,0.202
747,1.0,1.0,0.0,1.0,0.0,1.0,1.0,1.0,0.0,1.0,-0.204
748,0.0,0.0,1.0,1.0,0.0,1.0,1.0,1.0,0.0,1.0,-0.163
749,1.0,0.0,1.0,1.0,0.0,1.0,1.0,1.0,0.0,1.0,-0.479
750,0.0,1.0,1.0,1.0,0.0,1.0,1.0,1.0,0.0,1.0,-0.337
751,1.0,1.0,1.0,1.0,0.0,1.0,1.0,1.0,0.0,1.0,-0.23
752,0.0,0.0,0.0,0.0,1.0,1.0,1.0,1.0,0.0,1.0,-0.552
753,1.0,0.0,0.0,0.0,1.0,1.0,1.0,1.0,0.0,1.0,-0.556
754,0.0,1.0,0.0,0.0,1.0,1.0,1.0,1.0,0.0,1.0,0.0087
755,1.0,1.0,0.0,0.0,1.0,1.0,1.0,1.0,0.0,1.0,-0.794
756,0.0,0.0,1.0,0.0,1.0,1.0,1.0,1.0,0.0,1.0,-0.383
757,1.0,0.0,1.0,0.0,1.0,1.0,1.0,1.0,0.0,1.0,-0.281
758,0.0,1.0,1.0,0.0,1.0,1.0,1.0,1.0,0.0,1.0,0.267
759,1.0,1.0,1.0,0.0,1.0,1.0,1.0,1.0,0.0,1.0,-0.178
760,0.0,0.0,0.0,1.0,1.0,1.0,1.0,1.0,0.0,1.0,-0.138
761,1.0,0.0,0.0,1.0,1.0,1.0,1.0,1.0,0.0,1.0,-0.0639
762,0.0,1.0,0.0,1.0,1.0,1.0,1.0,1.0,0.0,1.0,-0.676
763,1.0,1.0,0.0,1.0,1.0,1.0,1.0,1.0,0.0,1.0,0.135
764,0.0,0.0,1.0,1.0,1.0,1.0,1.0,1.0,0.0,1.0,0.389
765,1.0,0.0,1.0,1.0,1.0,1.0,1.0,1.0,0.0,1.0,-0.0762
766,0.0,1.0,1.0,1.0,1.0,1.0,1.0,1.0,0.0,1.0,-0.195
767,1.0,1.0,1.0,1.0,1.0,1.0,1.0,1.0,0.0,1.0,-0.15
768,0.0,0.0,0.0,0.0,0.0,0.0,0.0,0.0,1.0,1.0,-2.22
769,1.0,0.0,0.0,0.0,0.0,0.0,0.0,0.0,1.0,1.0,-1.23
770,0.0,1.0,0.0,0.0,0.0,0.0,0.0,0.0,1.0,1.0,-1.34
771,1.0,1.0,0.0,0.0,0.0,0.0,0.0,0.0,1.0,1.0,-0.5
772,0.0,0.0,1.0,0.0,0.0,0.0,0.0,0.0,1.0,1.0,-1.22
773,1.0,0.0,1.0,0.0,0.0,0.0,0.0,0.0,1.0,1.0,-0.656
774,0.0,1.0,1.0,0.0,0.0,0.0,0.0,0.0,1.0,1.0,-1.03
775,1.0,1.0,1.0,0.0,0.0,0.0,0.0,0.0,1.0,1.0,-0.464
776,0.0,0.0,0.0,1.0,0.0,0.0,0.0,0.0,1.0,1.0,-1.41
777,1.0,0.0,0.0,1.0,0.0,0.0,0.0,0.0,1.0,1.0,-1.01
778,0.0,1.0,0.0,1.0,0.0,0.0,0.0,0.0,1.0,1.0,-0.575
779,1.0,1.0,0.0,1.0,0.0,0.0,0.0,0.0,1.0,1.0,-0.458
780,0.0,0.0,1.0,1.0,0.0,0.0,0.0,0.0,1.0,1.0,-0.885
781,1.0,0.0,1.0,1.0,0.0,0.0,0.0,0.0,1.0,1.0,-0.482
782,0.0,1.0,1.0,1.0,0.0,0.0,0.0,0.0,1.0,1.0,-0.341
783,1.0,1.0,1.0,1.0,0.0,0.0,0.0,0.0,1.0,1.0,-0.411
784,0.0,0.0,0.0,0.0,1.0,0.0,0.0,0.0,1.0,1.0,-1.45
785,1.0,0.0,0.0,0.0,1.0,0.0,0.0,0.0,1.0,1.0,-0.89
786,0.0,1.0,0.0,0.0,1.0,0.0,0.0,0.0,1.0,1.0,-0.688
787,1.0,1.0,0.0,0.0,1.0,0.0,0.0,0.0,1.0,1.0,-0.517
788,0.0,0.0,1.0,0.0,1.0,0.0,0.0,0.0,1.0,1.0,-0.873
789,1.0,0.0,1.0,0.0,1.0,0.0,0.0,0.0,1.0,1.0,-0.973
790,0.0,1.0,1.0,0.0,1.0,0.0,0.0,0.0,1.0,1.0,-0.432
791,1.0,1.0,1.0,0.0,1.0,0.0,0.0,0.0,1.0,1.0,0.341
792,0.0,0.0,0.0,1.0,1.0,0.0,0.0,0.0,1.0,1.0,-0.64
793,1.0,0.0,0.0,1.0,1.0,0.0,0.0,0.0,1.0,1.0,-0.451
794,0.0,1.0,0.0,1.0,1.0,0.0,0.0,0.0,1.0,1.0,-0.622
795,1.0,1.0,0.0,1.0,1.0,0.0,0.0,0.0,1.0,1.0,-0.263
796,0.0,0.0,1.0,1.0,1.0,0.0,0.0,0.0,1.0,1.0,-0.38
797,1.0,0.0,1.0,1.0,1.0,0.0,0.0,0.0,1.0,1.0,0.0605
798,0.0,1.0,1.0,1.0,1.0,0.0,0.0,0.0,1.0,1.0,-0.304
799,1.0,1.0,1.0,1.0,1.0,0.0,0.0,0.0,1.0,1.0,-0.34
800,0.0,0.0,0.0,0.0,0.0,1.0,0.0,0.0,1.0,1.0,-1.37
801,1.0,0.0,0.0,0.0,0.0,1.0,0.0,0.0,1.0,1.0,-0.593
802,0.0,1.0,0.0,0.0,0.0,1.0,0.0,0.0,1.0,1.0,-0.782
803,1.0,1.0,0.0,0.0,0.0,1.0,0.0,0.0,1.0,1.0,-0.768
804,0.0,0.0,1.0,0.0,0.0,1.0,0.0,0.0,1.0,1.0,-0.941
805,1.0,0.0,1.0,0.0,0.0,1.0,0.0,0.0,1.0,1.0,-0.835
806,0.0,1.0,1.0,0.0,0.0,1.0,0.0,0.0,1.0,1.0,-0.181
807,1.0,1.0,1.0,0.0,0.0,1.0,0.0,0.0,1.0,1.0,-0.195
808,0.0,0.0,0.0,1.0,0.0,1.0,0.0,0.0,1.0,1.0,-0.834
809,1.0,0.0,0.0,1.0,0.0,1.0,0.0,0.0,1.0,1.0,-0.274
810,0.0,1.0,0.0,1.0,0.0,1.0,0.0,0.0,1.0,1.0,-0.648
811,1.0,1.0,0.0,1.0,0.0,1.0,0.0,0.0,1.0,1.0,-0.208
812,0.0,0.0,1.0,1.0,0.0,1.0,0.0,0.0,1.0,1.0,-0.249
813,1.0,0.0,1.0,1.0,0.0,1.0,0.0,0.0,1.0,1.0,-0.298
814,0.0,1.0,1.0,1.0,0.0,1.0,0.0,0.0,1.0,1.0,-0.444
815,1.0,1.0,1.0,1.0,0.0,1.0,0.0,0.0,1.0,1.0,0.245
816,0.0,0.0,0.0,0.0,1.0,1.0,0.0,0.0,1.0,1.0,-0.655
817,1.0,0.0,0.0,0.0,1.0,1.0,0.0,0.0,1.0,1.0,-0.454
818,0.0,1.0,0.0,0.0,1.0,1.0,0.0,0.0,1.0,1.0,-0.282
819,1.0,1.0,0.0,0.0,1.0,1.0,0.0,0.0,1.0,1.0,-0.257
820,0.0,0.0,1.0,0.0,1.0,1.0,0.0,0.0,1.0,1.0,-0.173
821,1.0,0.0,1.0,0.0,1.0,1.0,0.0,0.0,1.0,1.0,-0.187
822,0.0,1.0,1.0,0.0,1.0,1.0,0.0,0.0,1.0,1.0,-0.663
823,1.0,1.0,1.0,0.0,1.0,1.0,0.0,0.0,1.0,1.0,0.303
824,0.0,0.0,0.0,1.0,1.0,1.0,0.0,0.0,1.0,1.0,-0.0453
825,1.0,0.0,0.0,1.0,1.0,1.0,0.0,0.0,1.0,1.0,-0.392
826,0.0,1.0,0.0,1.0,1.0,1.0,0.0,0.0,1.0,1.0,0.51
827,1.0,1.0,0.0,1.0,1.0,1.0,0.0,0.0,1.0,1.0,-0.278
828,0.0,0.0,1.0,1.0,1.0,1.0,0.0,0.0,1.0,1.0,-0.435
829,1.0,0.0,1.0,1.0,1.0,1.0,0.0,0.0,1.0,1.0,-0.2
830,0.0,1.0,1.0,1.0,1.0,1.0,0.0,0.0,1.0,1.0,-0.205
831,1.0,1.0,1.0,1.0,1.0,1.0,0.0,0.0,1.0,1.0,-0.384
832,0.0,0.0,0.0,0.0,0.0,0.0,1.0,0.0,1.0,1.0,-1.33
833,1.0,0.0,0.0,0.0,0.0,0.0,1.0,0.0,1.0,1.0,-0.667
834,0.0,1.0,0.0,0.0,0.0,0.0,1.0,0.0,1.0,1.0,-0.558
835,1.0,1.0,0.0,0.0,0.0,0.0,1.0,0.0,1.0,1.0,-0.548
836,0.0,0.0,1.0,0.0,0.0,0.0,1.0,0.0,1.0,1.0,-0.644
837,1.0,0.0,1.0,0.0,0.0,0.0,1.0,0.0,1.0,1.0,-0.421
838,0.0,1.0,1.0,0.0,0.0,0.0,1.0,0.0,1.0,1.0,-0.548
839,1.0,1.0,1.0,0.0,0.0,0.0,1.0,0.0,1.0,1.0,-0.132
840,0.0,0.0,0.0,1.0,0.0,0.0,1.0,0.0,1.0,1.0,-0.683
841,1.0,0.0,0.0,1.0,0.0,0.0,1.0,0.0,1.0,1.0,-0.332
842,0.0,1.0,0.0,1.0,0.0,0.0,1.0,0.0,1.0,1.0,-0.642
843,1.0,1.0,0.0,1.0,0.0,0.0,1.0,0.0,1.0,1.0,-0.19
844,0.0,0.0,1.0,1.0,0.0,0.0,1.0,0.0,1.0,1.0,-0.258
845,1.0,0.0,1.0,1.0,0.0,0.0,1.0,0.0,1.0,1.0,-0.634
846,0.0,1.0,1.0,1.0,0.0,0.0,1.0,0.0,1.0,1.0,-0.0676
847,1.0,1.0,1.0,1.0,0.0,0.0,1.0,0.0,1.0,1.0,0.376
848,0.0,0.0,0.0,0.0,1.0,0.0,1.0,0.0,1.0,1.0,-0.625
849,1.0,0.0,0.0,0.0,1.0,0.0,1.0,0.0,1.0,1.0,-0.123
850,0.0,1.0,0.0,0.0,1.0,0.0,1.0,0.0,1.0,1.0,0.0306
851,1.0,1.0,0.0,0.0,1.0,0.0,1.0,0.0,1.0,1.0,-0.634
852,0.0,0.0,1.0,0.0,1.0,0.0,1.0,0.0,1.0,1.0,-0.304
853,1.0,0.0,1.0,0.0,1.0,0.0,1.0,0.0,1.0,1.0,-0.307
854,0.0,1.0,1.0,0.0,1.0,0.0,1.0,0.0,1.0,1.0,-0.436
855,1.0,1.0,1.0,0.0,1.0,0.0,1.0,0.0,1.0,1.0,0.103
856,0.0,0.0,0.0,1.0,1.0,0.0,1.0,0.0,1.0,1.0,0.4
857,1.0,0.0,0.0,1.0,1.0,0.0,1.0,0.0,1.0,1.0,0.196
858,0.0,1.0,0.0,1.0,1.0,0.0,1.0,0.0,1.0,1.0,-0.697
859,1.0,1.0,0.0,1.0,1.0,0.0,1.0,0.0,1.0,1.0,-0.288
860,0.0,0.0,1.0,1.0,1.0,0.0,1.0,0.0,1.0,1.0,-0.631
861,1.0,0.0,1.0,1.0,1.0,0.0,1.0,0.0,1.0,1.0,-0.261
862,0.0,1.0,1.0,1.0,1.0,0.0,1.0,0.0,1.0,1.0,0.123
863,1.0,1.0,1.0,1.0,1.0,0.0,1.0,0.0,1.0,1.0,-0.338
864,0.0,0.0,0.0,0.0,0.0,1.0,1.0,0.0,1.0,1.0,-0.656
865,1.0,0.0,0.0,0.0,0.0,1.0,1.0,0.0,1.0,1.0,-0.546
866,0.0,1.0,0.0,0.0,0.0,1.0,1.0,0.0,1.0,1.0,-0.478
867,1.0,1.0,0.0,0.0,0.0,1.0,1.0,0.0,1.0,1.0,-0.0799
868,0.0,0.0,1.0,0.0,0.0,1.0,1.0,0.0,1.0,1.0,-0.309
869,1.0,0.0,1.0,0.0,0.0,1.0,1.0,0.0,1.0,1.0,0.18
870,0.0,1.0,1.0,0.0,0.0,1.0,1.0,0.0,1.0,1.0,0.124
871,1.0,1.0,1.0,0.0,0.0,1.0,1.0,0.0,1.0,1.0,-0.492
872,0.0,0.0,0.0,1.0,0.0,1.0,1.0,0.0,1.0,1.0,-0.717
873,1.0,0.0,0.0,1.0,0.0,1.0,1.0,0.0,1.0,1.0,-0.424
874,0.0,1.0,0.0,1.0,0.0,1.0,1.0,0.0,1.0,1.0,0.235
875,1.0,1.0,0.0,1.0,0.0,1.0,1.0,0.0,1.0,1.0,-0.116
876,0.0,0.0,1.0,1.0,0.0,1.0,1.0,0.0,1.0,1.0,-0.354
877,1.0,0.0,1.0,1.0,0.0,1.0,1.0,0.0,1.0,1.0,0.201
878,0.0,1.0,1.0,1.0,0.0,1.0,1.0,0.0,1.0,1.0,-0.738
879,1.0,1.0,1.0,1.0,0.0,1.0,1.0,0.0,1.0,1.0,-0.306
880,0.0,0.0,0.0,0.0,1.0,1.0,1.0,0.0,1.0,1.0,-0.492
881,1.0,0.0,0.0,0.0,1.0,1.0,1.0,0.0,1.0,1.0,-0.648
882,0.0,1.0,0.0,0.0,1.0,1.0,1.0,0.0,1.0,1.0,-0.712
883,1.0,1.0,0.0,0.0,1.0,1.0,1.0,0.0,1.0,1.0,0.456
884,0.0,0.0,1.0,0.0,1.0,1.0,1.0,0.0,1.0,1.0,-0.659
885,1.0,0.0,1.0,0.0,1.0,1.0,1.0,0.0,1.0,1.0,0.2
886,0.0,1.0,1.0,0.0,1.0,1.0,1.0,0.0,1.0,1.0,0.153
887,1.0,1.0,1.0,0.0,1.0,1.0,1.0,0.0,1.0,1.0,-0.938
888,0.0,0.0,0.0,1.0,1.0,1.0,1.0,0.0,1.0,1.0,-0.718
889,1.0,0.0,0.0,1.0,1.0,1.0,1.0,0.0,1.0,1.0,-0.289
890,0.0,1.0,0.0,1.0,1.0,1.0,1.0,0.0,1.0,1.0,-0.223
891,1.0,1.0,0.0,1.0,1.0,1.0,1.0,0.0,1.0,1.0,-0.409
892,0.0,0.0,1.0,1.0,1.0,1.0,1.0,0.0,1.0,1.0,1.15
893,1.0,0.0,1.0,1.0,1.0,1.0,1.0,0.0,1.0,1.0,-0.825
894,0.0,1.0,1.0,1.0,1.0,1.0,1.0,0.0,1.0,1.0,-0.397
895,1.0,1.0,1.0,1.0,1.0,1.0,1.0,0.0,1.0,1.0,1.57
896,0.0,0.0,0.0,0.0,0.0,0.0,0.0,1.0,1.0,1.0,-1.25
897,1.0,0.0,0.0,0.0,0.0,0.0,0.0,1.0,1.0,1.0,-0.778
898,0.0,1.0,0.0,0.0,0.0,0.0,0.0,1.0,1.0,1.0,-0.766
899,1.0,1.0,0.0,0.0,0.0,0.0,0.0,1.0,1.0,1.0,-0.425
900,0.0,0.0,1.0,0.0,0.0,0.0,0.0,1.0,1.0,1.0,-0.692
901,1.0,0.0,1.0,0.0,0.0,0.0,0.0,1.0,1.0,1.0,-0.497
902,0.0,1.0,1.0,0.0,0.0,0.0,0.0,1.0,1.0,1.0,-0.523
903,1.0,1.0,1.0,0.0,0.0,0.0,0.0,1.0,1.0,1.0,-0.26
904,0.0,0.0,0.0,1.0,0.0,0.0,0.0,1.0,1.0,1.0,-0.515
905,1.0,0.0,0.0,1.0,0.0,0.0,0.0,1.0,1.0,1.0,-0.397
906,0.0,1.0,0.0,1.0,0.0,0.0,0.0,1.0,1.0,1.0,-0.588
907,1.0,1.0,0.0,1.0,0.0,0.0,0.0,1.0,1.0,1.0,-0.141
908,0.0,0.0,1.0,1.0,0.0,0.0,0.0,1.0,1.0,1.0,-0.494
909,1.0,0.0,1.0,1.0,0.0,0.0,0.0,1.0,1.0,1.0,0.0465
910,0.0,1.0,1.0,1.0,0.0,0.0,0.0,1.0,1.0,1.0,-0.133
911,1.0,1.0,1.0,1.0,0.0,0.0,0.0,1.0,1.0,1.0,-0.128
912,0.0,0.0,0.0,0.0,1.0,0.0,0.0,1.0,1.0,1.0,-0.586
913,1.0,0.0,0.0,0.0,1.0,0.0,0.0,1.0,1.0,1.0,-0.409
914,0.0,1.0,0.0,0.0,1.0,0.0,0.0,1.0,1.0,1.0,-0.488
915,1.0,1.0,0.0,0.0,1.0,0.0,0.0,1.0,1.0,1.0,-0.298
916,0.0,0.0,1.0,0.0,1.0,0.0,0.0,1.0,1.0,1.0,-0.477
917,1.0,0.0,1.0,0.0,1.0,0.0,0.0,1.0,1.0,1.0,0.516
918,0.0,1.0,1.0,0.0,1.0,0.0,0.0,1.0,1.0,1.0,0.168
919,1.0,1.0,1.0,0.0,1.0,0.0,0.0,1.0,1.0,1.0,-0.712
920,0.0,0.0,0.0,1.0,1.0,0.0,0.0,1.0,1.0,1.0,-0.557
921,1.0,0.0,0.0,1.0,1.0,0.0,0.0,1.0,1.0,1.0,0.0635
922,0.0,1.0,0.0,1.0,1.0,0.0,0.0,1.0,1.0,1.0,-0.132
923,1.0,1.0,0.0,1.0,1.0,0.0,0.0,1.0,1.0,1.0,-0.416
924,0.0,0.0,1.0,1.0,1.0,0.0,0.0,1.0,1.0,1.0,-0.371
925,1.0,0.0,1.0,1.0,1.0,0.0,0.0,1.0,1.0,1.0,-0.868
926,0.0,1.0,1.0,1.0,1.0,0.0,0.0,1.0,1.0,1.0,-0.158
927,1.0,1.0,1.0,1.0,1.0,0.0,0.0,1.0,1.0,1.0,0.288
928,0.0,0.0,0.0,0.0,0.0,1.0,0.0,1.0,1.0,1.0,-0.668
929,1.0,0.0,0.0,0.0,0.0,1.0,0.0,1.0,1.0,1.0,-0.627
930,0.0,1.0,0.0,0.0,0.0,1.0,0.0,1.0,1.0,1.0,-0.521
931,1.0,1.0,0.0,0.0,0.0,1.0,0.0,1.0,1.0,1.0,-0.108
932,0.0,0.0,1.0,0.0,0.0,1.0,0.0,1.0,1.0,1.0,-0.174
933,1.0,0.0,1.0,0.0,0.0,1.0,0.0,1.0,1.0,1.0,-0.0325
934,0.0,1.0,1.0,0.0,0.0,1.0,0.0,1.0,1.0,1.0,-0.177
935,1.0,1.0,1.0,0.0,0.0,1.0,0.0,1.0,1.0,1.0,-0.169
936,0.0,0.0,0.0,1.0,0.0,1.0,0.0,1.0,1.0,1.0,-0.17
937,1.0,0.0,0.0,1.0,0.0,1.0,0.0,1.0,1.0,1.0,-0.188
938,0.0,1.0,0.0,1.0,0.0,1.0,0.0,1.0,1.0,1.0,-0.0712
939,1.0,1.0,0.0,1.0,0.0,1.0,0.0,1.0,1.0,1.0,-0.411
940,0.0,0.0,1.0,1.0,0.0,1.0,0.0,1.0,1.0,1.0,-0.634
941,1.0,0.0,1.0,1.0,0.0,1.0,0.0,1.0,1.0,1.0,-0.376
942,0.0,1.0,1.0,1.0,0.0,1.0,0.0,1.0,1.0,1.0,-0.359
943,1.0,1.0,1.0,1.0,0.0,1.0,0.0,1.0,1.0,1.0,0.22
944,0.0,0.0,0.0,0.0,1.0,1.0,0.0,1.0,1.0,1.0,-0.579
945,1.0,0.0,0.0,0.0,1.0,1.0,0.0,1.0,1.0,1.0,-0.0812
946,0.0,1.0,0.0,0.0,1.0,1.0,0.0,1.0,1.0,1.0,-0.38
947,1.0,1.0,0.0,0.0,1.0,1.0,0.0,1.0,1.0,1.0,-0.47
948,0.0,0.0,1.0,0.0,1.0,1.0,0.0,1.0,1.0,1.0,-0.765
949,1.0,0.0,1.0,0.0,1.0,1.0,0.0,1.0,1.0,1.0,-0.388
950,0.0,1.0,1.0,0.0,1.0,1.0,0.0,1.0,1.0,1.0,-0.172
951,1.0,1.0,1.0,0.0,1.0,1.0,0.0,1.0,1.0,1.0,-0.539
952,0.0,0.0,0.0,1.0,1.0,1.0,0.0,1.0,1.0,1.0,-0.752
953,1.0,0.0,0.0,1.0,1.0,1.0,0.0,1.0,1.0,1.0,-0.135
954,0.0,1.0,0.0,1.0,1.0,1.0,0.0,1.0,1.0,1.0,-0.767
955,1.0,1.0,0.0,1.0,1.0,1.0,0.0,1.0,1.0,1.0,0.477
956,0.0,0.0,1.0,1.0,1.0,1.0,0.0,1.0,1.0,1.0,0.786
957,1.0,0.0,1.0,1.0,1.0,1.0,0.0,1.0,1.0,1.0,-0.0155
958,0.0,1.0,1.0,1.0,1.0,1.0,0.0,1.0,1.0,1.0,-0.203
959,1.0,1.0,1.0,1.0,1.0,1.0,0.0,1.0,1.0,1.0,0.0804
960,0.0,0.0,0.0,0.0,0.0,0.0,1.0,1.0,1.0,1.0,-0.79
961,1.0,0.0,0.0,0.0,0.0,0.0,1.0,1.0,1.0,1.0,-0.602
962,0.0,1.0,0.0,0.0,0.0,0.0,1.0,1.0,1.0,1.0,-0.435
963,1.0,1.0,0.0,0.0,0.0,0.0,1.0,1.0,1.0,1.0,-0.352
964,0.0,0.0,1.0,0.0,0.0,0.0,1.0,1.0,1.0,1.0,-0.57
965,1.0,0.0,1.0,0.0,0.0,0.0,1.0,1.0,1.0,1.0,-0.111
966,0.0,1.0,1.0,0.0,0.0,0.0,1.0,1.0,1.0,1.0,-0.0465
967,1.0,1.0,1.0,0.0,0.0,0.0,1.0,1.0,1.0,1.0,0.114
968,0.0,0.0,0.0,1.0,0.0,0.0,1.0,1.0,1.0,1.0,-0.913
969,1.0,0.0,0.0,1.0,0.0,0.0,1.0,1.0,1.0,1.0,-0.0899
970,0.0,1.0,0.0,1.0,0.0,0.0,1.0,1.0,1.0,1.0,0.006
971,1.0,1.0,0.0,1.0,0.0,0.0,1.0,1.0,1.0,1.0,-0.199
972,0.0,0.0,1.0,1.0,0.0,0.0,1.0,1.0,1.0,1.0,-0.0315
973,1.0,0.0,1.0,1.0,0.0,0.0,1.0,1.0,1.0,1.0,-0.739
974,0.0,1.0,1.0,1.0,0.0,0.0,1.0,1.0,1.0,1.0,-0.294
975,1.0,1.0,1.0,1.0,0.0,0.0,1.0,1.0,1.0,1.0,-0.407
976,0.0,0.0,0.0,0.0,1.0,0.0,1.0,1.0,1.0,1.0,-0.643
977,1.0,0.0,0.0,0.0,1.0,0.0,1.0,1.0,1.0,1.0,-0.213
978,0.0,1.0,0.0,0.0,1.0,0.0,1.0,1.0,1.0,1.0,-0.45
979,1.0,1.0,0.0,0.0,1.0,0.0,1.0,1.0,1.0,1.0,0.0177
980,0.0,0.0,1.0,0.0,1.0,0.0,1.0,1.0,1.0,1.0,-0.22
981,1.0,0.0,1.0,0.0,1.0,0.0,1.0,1.0,1.0,1.0,-0.586
982,0.0,1.0,1.0,0.0,1.0,0.0,1.0,1.0,1.0,1.0,-0.236
983,1.0,1.0,1.0,0.0,1.0,0.0,1.0,1.0,1.0,1.0,-0.0538
984,0.0,0.0,0.0,1.0,1.0,0.0,1.0,1.0,1.0,1.0,-1.23
985,1.0,0.0,0.0,1.0,1.0,0.0,1.0,1.0,1.0,1.0,-0.46
986,0.0,1.0,0.0,1.0,1.0,0.0,1.0,1.0,1.0,1.0,0.451
987,1.0,1.0,0.0,1.0,1.0,0.0,1.0,1.0,1.0,1.0,-0.0124
988,0.0,0.0,1.0,1.0,1.0,0.0,1.0,1.0,1.0,1.0,0.708
989,1.0,0.0,1.0,1.0,1.0,0.0,1.0,1.0,1.0,1.0,0.745
990,0.0,1.0,1.0,1.0,1.0,0.0,1.0,1.0,1.0,1.0,-0.395
991,1.0,1.0,1.0,1.0,1.0,0.0,1.0,1.0,1.0,1.0,-0.238
992,0.0,0.0,0.0,0.0,0.0,1.0,1.0,1.0,1.0,1.0,-0.375
993,1.0,0.0,0.0,0.0,0.0,1.0,1.0,1.0,1.0,1.0,-0.243
994,0.0,1.0,0.0,0.0,0.0,1.0,1.0,1.0,1.0,1.0,-0.449
995,1.0,1.0,0.0,0.0,0.0,1.0,1.0,1.0,1.0,1.0,-0.0466
996,0.0,0.0,1.0,0.0,0.0,1.0,1.0,1.0,1.0,1.0,-0.601
997,1.0,0.0,1.0,0.0,0.0,1.0,1.0,1.0,1.0,1.0,0.0611
998,0.0,1.0,1.0,0.0,0.0,1.0,1.0,1.0,1.0,1.0,-0.125
999,1.0,1.0,1.0,0.0,0.0,1.0,1.0,1.0,1.0,1.0,-0.513
1000,0.0,0.0,0.0,1.0,0.0,1.0,1.0,1.0,1.0,1.0,0.00286
1001,1.0,0.0,0.0,1.0,0.0,1.0,1.0,1.0,1.0,1.0,-0.154
1002,0.0,1.0,0.0,1.0,0.0,1.0,1.0,1.0,1.0,1.0,-0.318
1003,1.0,1.0,0.0,1.0,0.0,1.0,1.0,1.0,1.0,1.0,-0.32
1004,0.0,0.0,1.0,1.0,0.0,1.0,1.0,1.0,1.0,1.0,0.413
1005,1.0,0.0,1.0,1.0,0.0,1.0,1.0,1.0,1.0,1.0,-0.0272
1006,0.0,1.0,1.0,1.0,0.0,1.0,1.0,1.0,1.0,1.0,0.859
1007,1.0,1.0,1.0,1.0,0.0,1.0,1.0,1.0,1.0,1.0,-0.00991
1008,0.0,0.0,0.0,0.0,1.0,1.0,1.0,1.0,1.0,1.0,-0.163
1009,1.0,0.0,0.0,0.0,1.0,1.0,1.0,1.0,1.0,1.0,0.181
1010,0.0,1.0,0.0,0.0,1.0,1.0,1.0,1.0,1.0,1.0,0.0265
1011,1.0,1.0,0.0,0.0,1.0,1.0,1.0,1.0,1.0,1.0,0.119
1012,0.0,0.0,1.0,0.0,1.0,1.0,1.0,1.0,1.0,1.0,0.477
1013,1.0,0.0,1.0,0.0,1.0,1.0,1.0,1.0,1.0,1.0,-0.0324
1014,0.0,1.0,1.0,0.0,1.0,1.0,1.0,1.0,1.0,1.0,0.196
1015,1.0,1.0,1.0,0.0,1.0,1.0,1.0,1.0,1.0,1.0,0.0934
1016,0.0,0.0,0.0,1.0,1.0,1.0,1.0,1.0,1.0,1.0,0.535
1017,1.0,0.0,0.0,1.0,1.0,1.0,1.0,1.0,1.0,1.0,-0.242
1018,0.0,1.0,0.0,1.0,1.0,1.0,1.0,1.0,1.0,1.0,0.183
1019,1.0,1.0,0.0,1.0,1.0,1.0,1.0,1.0,1.0,1.0,-0.0069
1020,0.0,0.0,1.0,1.0,1.0,1.0,1.0,1.0,1.0,1.0,-1.13
1021,1.0,0.0,1.0,1.0,1.0,1.0,1.0,1.0,1.0,1.0,-0.228
1022,0.0,1.0,1.0,1.0,1.0,1.0,1.0,1.0,1.0,1.0,-1.07
1023,1.0,1.0,1.0,1.0,1.0,1.0,1.0,1.0,1.0,1.0,0.0342
